id_director,name
1,Unknown Director
2,Kirsten Johnson
3,Julien Leclercq
4,Mike Flanagan
5,Robert Cullen
6,José Luis Ucha
7,Haile Gerima
8,Andy Devonshire
9,Theodore Melfi
10,Kongkiat Komesiri
11,Christian Schwochow
12,Bruno Garotti
13,Pedro de Echave García
14,Pablo Azorín Williams
15,Adam Salky
16,Olivier Megaton
17,K.S. Ravikumar
18,Alex Woo
19,Stanley Moore
20,S. Shankar
21,Rajiv Menon
22,Dennis Dugan
23,Scott Stewart
24,Robert Luketic
25,Ashwiny Iyer Tiwari
26,Abhishek Chaubey
27,Saket Chaudhary
28,Daniel Sandu
29,Cédric Jimenez
30,George Nolfi
31,Steven Spielberg
32,Jeannot Szwarc
33,Joe Alves
34,Joseph Sargent
35,Tyler Greco
36,Daniel Espinosa
37,Bunmi Ajakaiye
38,Antoine Fuqua
39,Toshiya Shinohara
40,Masahiko Murata
41,Hajime Kamegaki
42,Hirotsugu Kawasaki
43,Toshiyuki Tsuru
44,Tensai Okamura
45,David Yarovesky
46,Hanns-Bruno Kammertöns
47,Vanessa Nöcker
48,Michael Wech
49,David A. Vargas
50,Kemi Adetiba
51,Ben Simms
52,Prakash Satam
53,Delhiprasad Deenadayalan
54,Tomer Eshed
55,Cedric Nicolas-Troyan
56,JJC Skillz
57,Funke Akindele
58,Thomas Sieben
59,Marcus Clarke
60,Alice Waddington
61,Mona Achache
62,Patricia Tourancheau
63,Alexis Almström
64,Raja Gosnell
65,Stephen Kijak
66,Chapman Way
67,Maclain Way
68,Jason Hehir
69,Yemi Amodu
70,Lijo Jose Pellissery
71,David de Vos
72,Luis Alfaro
73,Javier Gómez Santander
74,Sara Colangelo
75,Stephen Herek
76,Rahul Rawail
77,Jane Campion
78,Nagesh Kukunoor
79,Luke Holland
80,Shanker Raman
81,JP Habac
82,Vidhu Vinod Chopra
83,Mark Rosman
84,Gilles Paquet-Brenner
85,Lasse Hallström
86,Scott Pleydell-Pearce
87,Ridley Scott
88,Neill Blomkamp
89,Phillip Noyce
90,Renny Harlin
91,Anthony Minghella
92,Simon Wincer
93,Spike Lee
94,Sebastián Schindel
95,Steven C. Miller
96,Richard LaGravenese
97,Martin Campbell
98,Reginald Hudlin
99,George Jackson
100,Doug McHenry
101,Eric Meza
102,Gerhard Mostert
103,Michael Martin
104,Michael Rymer
105,Andrew Lau Wai-keung
106,Alan Mak
107,Brett Weiner
108,Jim Henson
109,Gary Winick
110,Danishka Esterhazy
111,Troy Byer
112,Pang Ho-cheung
113,Tim Burton
114,David Zucker
115,Kinka Usher
116,Sergio Leone
117,Matthew O'Callaghan
118,Todd Wilderman
119,Bobby Farrelly
120,Peter Farrelly
121,Wolfgang Petersen
122,Peter Spirer
123,Michael Carney
124,Richard Linklater
125,Amy Rice
126,Randal Kleiser
127,Michael Ritchie
128,J. Lee Thompson
129,Evan Goldberg
130,Seth Rogen
131,Tom Shadyac
132,Peter Segal
133,Malcolm D. Lee
134,Ramzy Bedia
135,Éric Judor
136,Sharan Koppisetty
137,Taylor Sheridan
138,Sachin Yardi
139,Saurabh Kabra
140,Mark Waters
141,Partho Mitra
142,Santram Varma
143,Anil V. Kumar
144,Anurag Basu
145,Sangeeth Sivan
146,Umesh Ghadge
147,David Dhawan
148,Dibakar Banerjee
149,Apoorva Lakhia
150,Milan Luthria
151,Pawan Kripalani
152,Bhushan Patel
153,Magnus Martens
154,Raj Nidimoru
155,Krishna D.K.
156,Joshua Rofé
157,Brad Anderson
158,Mauricio Dias
159,Tatiana Villela
160,Angel Kristi Williams
161,Roger Donaldson
162,Christopher Alender
163,Rush Sturges
164,David Oyelowo
165,Mark Lo
166,Crystal Moselle
167,Rathindran R Prasad
168,Han Kwang Il
169,Karim El Shenawy
170,Yin Chen-hao
171,Brian Andrew Mendoza
172,Dave Needham
173,Veronica Velasco
174,Drake Doremus
175,Miguel Alexandre
176,Mani Ratnam
177,Michael Harte
178,Tosin Igho
179,Alice Filippi
180,Paakhi Tyrewala
181,Laura Brownson
182,Steve Brill
183,Moses Inwang
184,Ferdinando Cito Filomarino
185,Juan Carlos Medina
186,Inma Torrente
187,Julián Gaviria
188,Steven Yamamoto
189,Charles Uwagbai
190,Julián Hernández
191,Sam Hobkinson
192,Vince Marcello
193,Jonathan Teplitzky
194,Sakon Tiacharoen
195,Floyd Russ
196,Dustin Hoffman
197,Adze Ugah
198,Hideaki Takizawa
199,Quoc Bao Tran
200,Bejoy Nambiar
201,Priyadarshan
202,Karthik Narain
203,Vasanth Sai
204,Karthik Subbaraj
205,Arvind Swamy
206,Sarjun
207,Gautham Vasudev Menon
208,Kayode Kasum
209,Just Philippot
210,Kirk DeMicco
211,Brandon Jeffords
212,Rohit Shetty
213,Cavi Borges
214,Luciano Vidigal
215,Alejandro Doria
216,Laura Fairrie
217,Marcelo Piñeyro
218,Izu Ojukwu
219,Peter Winther
220,Susan Lacy
221,Billy Corben
222,James Mangold
223,Chineze Anyaene
224,Hsu Fu-chun
225,Kristine Stolakis
226,Eva Müller
227,Michael Schmitt
228,Brian Levant
229,Rod Daniel
230,Robert Zemeckis
231,Todor Chapkanov
232,Phil Lord
233,Christopher Miller
234,John Hughes
235,Justin Baldoni
236,Joe Roth
237,Mark Helfrich
238,Mag Hsu
239,Hsu Chih-yen
240,Christopher Nolan
241,Paul Thomas Anderson
242,Nick Castle
243,Howard Zieff
244,David Feiss
245,David Gordon Green
246,Jorge Blanco
247,Zara Hayes
248,Gary Ross
249,Clint Eastwood
250,Trey Parker
251,Kelly Fremon Craig
252,Tom Elkins
253,Tony Scott
254,Brad Furman
255,Sylvain White
256,Irwin Winkler
257,Garry Marshall
258,Kenneth Gyang
259,Jaume Balagueró
260,Najwa Najjar
261,Selçuk Metin
262,Keishi Otomo
263,David Charhon
264,Michelle Bello
265,Steven Tsuchida
266,Daniel Markowicz
267,Louie Schwartzberg
268,Glen Winter
269,Ram Gopal Varma
270,David Benullo
271,Laxman Utekar
272,Royale Watkins
273,Rich Schlansker
274,Yuval Adler
275,Quentin Tarantino
276,Clay Glen
277,Muzi Mthembu
278,Marcos Bucay
279,Peter Thorwarth
280,Kim Seong-hun
281,Augustine Frizzell
282,Sidheswar Shukla
283,Rajiv Chilaka
284,Binayak Das
285,Arpan Sarkar
286,Shyamal Chaulia
287,Owll Mina
288,Ainsley Gardiner
289,Briar Grace-Smith
290,Mahmoud Karim
291,Kyohei Ishiguro
292,Seyi Babatope
293,Johane Matte
294,Andrew L. Schmidt
295,Francisco Ruiz Velasco
296,Morgan Ingari
297,Abdulaziz Alshlahei
298,Edward Drake
299,Kathryn Fasegha
300,Sita Likitvanichkul
301,Jetarin Ratanaserikiat
302,Apirak Samudkitpaisan
303,Thanabodee Uawithya
304,Adirek Wattaleela
305,Leigh Janiak
306,Luis Estrada
307,Garrett Bradley
308,Sofia Coppola
309,Colin Trevorrow
310,Bill Condon
311,David Slade
312,Chris Weitz
313,Catherine Hardwicke
314,Hadrah Daeng Ratu
315,Tommy Chong
316,Fred Ouro Preto
317,Mayye Zayed
318,Alessandra de Rossi
319,Ash Brannon
320,Chris Buck
321,Alaa Eddine Aljem
322,Tom Donahue
323,Roberto De Feo
324,Paolo Strippoli
325,Navot Papushado
326,Manuel Alcalá
327,Ricardo Trogi
328,Semi Chellas
329,Akay Mason
330,Abosi Ogba
331,Viridiana Lieberman
332,Nima Nourizadeh
333,Daniel Růžička
334,Juraj Šajmovič
335,Femi D. Ogunsanwo
336,Douglas Attal
337,Kim Joo-hyung
338,Avi Federgreen
339,Jericca Cleland
340,Kevin Munroe
341,Ahmed Siddiqui
342,Hallie Meyers-Shyer
343,Scott Speer
344,Barry Levinson
345,Tolulope Itegboje
346,Camille Delamarre
347,Pascal Atuma
348,Oleg Trofim
349,Mahmood Ali-Balogun
350,Jan Holoubek
351,Anurin Nwunembom
352,Musing Derrick
353,Christine Luby
354,Udoka Oyeka
355,Yeo Siew Hua
356,Hardik Mehta
357,Rajveer Singh Maan
358,Harpeet Singh
359,Youssef Chahine
360,Saw Teong Hin
361,Nik Amir Mustapha
362,M.S. Prem Nath
363,Rano Karno
364,Pramod Pawar
365,Naresh Saigal
366,Vinil Mathew
367,Neri Parenti
368,Ramsey Nouah
369,Bong Joon Ho
370,Kim Tae-hyung
371,Michael Spierig
372,Peter Spierig
373,Ernie Barbarash
374,Matt Ogens
375,Jay Roach
376,McG
377,Frank Marshall
378,Victor Vu
379,Chow Hin Yeung Roy
380,Joel Hopkins
381,John Stevenson
382,Mark Osborne
383,Jennifer Yuh Nelson
384,Greg Berlanti
385,Garth Davis
386,Malik Nejer
387,Rob Marshall
388,Martin Brest
389,Shuko Murase
390,Paul W.S. Anderson
391,Ivan Reitman
392,Joel Gallen
393,Claire McCarthy
394,Mary Lambert
395,Sidharta Tata
396,Aco Tenriyagelli
397,Dian Sastrowardoyo
398,Ifa Isfansyah
399,Jason Iskandar
400,Trevor Nunn
401,Gabriele Muccino
402,Jim Field Smith
403,Chris Koch
404,J.J. Abrams
405,Rob Minkoff
406,Lynn Shelton
407,Adam McKay
408,Anton Corbijn
409,Robin Bissell
410,David Fincher
411,John G. Avildsen
412,Alan Parker
413,Walter Hill
414,Stephen Frears
415,Bryan Bertino
416,Phil Alden Robinson
417,Florian Henckel von Donnersmarck
418,Len Wiseman
419,Måns Mårlind
420,Björn Stein
421,Patrick Tatopoulos
422,Robert O. Peters
423,Vincent Ward
424,Gregory Nava
425,Mary Harron
426,Matt Thompson
427,Jameel Buari
428,Shen Leping
429,Matt Aselton
430,Jose Javier Reyes
431,Jakub Piątek
432,John Dower
433,B. T Thomas
434,Andrew Dominik
435,Nibal Arakji
436,Sofie Šustková
437,Anissa Bonnefont
438,Bahij Hojeij
439,Jonathan Hensleigh
440,Srijit Mukherji
441,Vasan Bala
442,Justin P. Lange
443,Kimmy Gatewood
444,Tània Balló
445,Manolo Caro
446,Jayme Monjardim
447,Kingsley Ogoro
448,Cristina Jacob
449,Fernando Moro
450,Ivan Andrew Payawal
451,Yoshiyuki Tomino
452,Yoshikazu Yasuhiko
453,Rob Seidenglanz
454,Simon Frederick
455,Michihito Fujii
456,Paul Weitz
457,Lucky Kuswandi
458,Soudade Kaadan
459,Antoinette Jadaone
460,Marie Clements
461,David O. Russell
462,Achille Brice
463,Max Jabs
464,Sarawut Wichiensarn
465,Ricardo de Montreuil
466,Peter Chelsom
467,Michael Lockshin
468,Francine Parker
469,Daniel Schechter
470,Mike Gunther
471,David Zeiger
472,Michael Simon
473,Jerry Rothwell
474,Joe Berlinger
475,Bruce Sinofsky
476,Ian Cheney
477,Sharon Shattuck
478,Bradley Parker
479,Prabhakaran
480,Manjari Makijany
481,Jay Oliva
482,Chris Appelhans
483,Michael Tiddes
484,Lara Saba
485,Bao Nhan
486,Namcito
487,Mark Raso
488,Tariq Alkazim
489,Yulene Olaizola
490,Matthew Heineman
491,Robert Peters
492,Jonathan Clay
493,Ally Pankiw
494,George Ford
495,Lee Kae-byeok
496,Jayan Moodley
497,Daniel Benmayor
498,Alex Díaz
499,Helena Bergström
500,Alejandro De Grazia
501,Juan Stadler
502,Myriam Fares
503,Chiaki Kon
504,Rae Red
505,Lance Hool
506,Nicole Conn
507,Les Mayfield
508,Ellen Seidler
509,Megan Siler
510,Roger Christian
511,Peter Galison
512,Lance Young
513,Leandro Neri
514,Thom Fitzgerald
515,Don Michael Paul
516,Andrzej Bartkowiak
517,Harold Becker
518,Andrew Jenks
519,Ric Roman Waugh
520,Rob Reiner
521,Andy Tennant
522,Tade Ogidan
523,Scott Spiegel
524,Jessie Nelson
525,Theodore Witcher
526,Aurora Guerrero
527,Michael Jai White
528,James McTeigue
529,Takuya Igarashi
530,Michelle MacLaren
531,Hidenori Inoue
532,Todd Phillips
533,Steve Ball
534,Dominic Sena
535,Alan Alda
536,Mika Kaurismäki
537,Sydney Pollack
538,Lorene Scafaria
539,Barbra Streisand
540,Michael Winterbottom
541,Emma Tammi
542,Peter Hutchings
543,George Ratliff
544,Bo Burnham
545,Ekene Som Mekwunye
546,David Frankel
547,Kevin Johnson
548,José Larraza
549,Marc Pons
550,Gary Sing
551,Julio Quintana
552,Paween Purijitpanya
553,Pablo Faro
554,Letizia Lamartire
555,Ray Jiang
556,Daniel Vernon
557,Steve Gukas
558,Tim Johnson
559,Vishwesh Krishnamoorthy
560,Zack Snyder
561,Uduak-Obong Patrick
562,Mohamed Diab
563,Amr Salama
564,Christopher Amos
565,Robert Rodriguez
566,David Ayer
567,Eshom Nelms
568,Ian Nelms
569,James Moll
570,James Redford
571,Kaashvie Nair
572,J.D. Dillard
573,Nikhil Pherwani
574,Mae Czarina Cruz
575,Praveen Kandregula
576,Cecilia Verheyden
577,Daniel Minahan
578,Donovan Marsh
579,Brent Dawes
580,Leli Maki
581,Uzodinma Okpechi
582,Daniel Prochaska
583,Joe Wright
584,Matthew Vaughn
585,Aditya Kripalani
586,Adriano Rudiman
587,David Pablos
588,Alexandre Aja
589,Cai Cong
590,Samuel Olatunji
591,Ramon Térmens
592,Svetlana Cvetko
593,Martin Prakkat
594,Baran bo Odar
595,Zhang Chong
596,Yılmaz Erdoğan
597,Shantrelle P. Lewis
598,Ivan Ayr
599,Anthony Mandler
600,Vijay Roche
601,Stanley Menino D'Costa
602,Jennifer Brea
603,Julia von Heinz
604,Niels Arden Oplev
605,Don Argott
606,Sheena M. Joyce
607,Joshua Zeman
608,Duncan Skiles
609,Sean McNamara
610,Vondie Curtis-Hall
611,Robert Radler
612,Roel Reiné
613,Dean Parisot
614,Paul Greengrass
615,Justin Kelly
616,Eric Darnell
617,Tom McGrath
618,Conrad Vernon
619,Suhas Kadav
620,Jeff Wadlow
621,Charles Martin
622,Stella Corradi
623,Roland Emmerich
624,Kevin Macdonald
625,Ann Deborah Fishman
626,Chris Gorak
627,Peter Jackson
628,Roger Kumble
629,Jonathan Lynn
630,Courtney Hunt
631,Pierre Greco
632,Nancy Florence Savard
633,Andrew Davis
634,Kevin Smith
635,Chaitanya Tamhane
636,Oriol Paulo
637,Mike Rianda
638,Jeff Rowe
639,Johannes Roberts
640,Robert Pulcini
641,Shari Springer Berman
642,Pedro Antonio
643,John Wells
644,Jonathan Liebesman
645,Maria Pulera
646,Santhosh Viswanath
647,Seema Pahwa
648,Ozan Açıktan
649,Meltem Bozoflu
650,Hakan Algül
651,Selçuk Aydemir
652,Birkan Pusa
653,Ömer Faruk Sorak
654,Şenol Sönmez
655,Alexis Morante
656,Burak Aksak
657,Kıvanç Baruönü
658,Rindala Kodeih
659,Kongkiat Khomsiri
660,Bedran Güzel
661,Marwan Nabil
662,MIKIKO
663,Daito Manabe
664,Takashi Shimizu
665,Joe Penna
666,Ahishor Solomon
667,Curtis Graham
668,Gerardo Gatica
669,Akshay Sanjeev Chavan
670,Sumit Das
671,John Madden
672,Edward James Olmos
673,Abhinay Deo
674,Kiran Rao
675,Abbas Tyrewala
676,Ashutosh Gowariker
677,Satyajit Bhatkal
678,Anusha Rizvi
679,Mahmood Farooqui
680,Aamir Khan
681,Shashank Khaitan
682,Raj Mehta
683,Neeraj Ghaywan
684,Kayoze Irani
685,Ryan Crego
686,Cassi Simonds
687,Guillermo del Toro
688,Tony Abulu
689,Stefan Westerwelle
690,Ron Howard
691,Justin Benson
692,Aaron Moorhead
693,Niki Caro
694,Mark Dennis
695,Ben Foster
696,Taranveer Singh
697,TT The Artist
698,Keiichi Sato
699,Yasushi Kawamura
700,Glenn Weiss
701,Michael Civille
702,Ryuichi Hiroki
703,One9
704,Luis Valdez
705,Cheng Wei-hao
706,Pass Patthanakumjon
707,Buchi Babu Sana
708,Fredrick Munk
709,Moyoung Jin
710,Caroline Sá
711,Deepti Kakkar
712,Fahad Mustafa
713,Hikaru Toda
714,Chico Pereira
715,Elaine McMillion Sheldon
716,Zhao Ji
717,Jamie Babbit
718,Park Hoon-jung
719,Dare Olaitan
720,Ben Falcone
721,Travon Free
722,Martin Desmond Roe
723,Angga Dwimas Sasongko
724,Steve Rolston
725,Shalini Kantayya
726,Madonne Ashwin
727,Enah Johnscott
728,Braden R. Duemmler
729,Cal Brunker
730,Steve Pink
731,Xiao Feng
732,Ricky Staub
733,Patrick Durham
734,Paul G. Volk
735,BB Sasore
736,Naseef Yusuf Izuddin
737,Appie Boudellah
738,Aram van de Rest
739,Sylvie Verheyde
740,Nick Moore
741,Alex Zamm
742,Rajkumar Hirani
743,Rajesh Mapuskar
744,Lina Al Abed
745,James Wan
746,David Hackl
747,Takeshi Nozue
748,Subhash Kapoor
749,Ringo Lam
750,George Cukor
751,Tony Giglio
752,Shinji Aramaki
753,Masaru Matsumoto
754,John Luessenhop
755,Hanung Bramantyo
756,Pandu Adjisurya
757,Bashir El Deek
758,Roman Polański
759,Nelson McCormick
760,Mic Rodgers
761,Shawn Rech
762,Peyton Reed
763,Julian Schnabel
764,Adrián García Bogliano
765,Jose Gomez
766,Jonathon Link
767,Blair Simmons
768,Justin Chadwick
769,John Hillcoat
770,Nadine Ibrahim
771,Roman White
772,Fermín Muguruza
773,Mike Hodges
774,Eylem Kaftan
775,Fernando Ayllón
776,Umesh Bist
777,Massimiliano Camaiti
778,Aleksey Tsitsilin
779,Ali Tabrizi
780,Kagiso Lediga
781,Jung-ah Im
782,Takuma Sato
783,Brody Chu
784,Dimitri Logothetis
785,Taketoshi Sado
786,Li Weiran
787,Chinaza Onuzo
788,Anna Elizabeth James
789,Vitor Brandt
790,Troy Miller
791,Liam O'Donnell
792,Manny Rodriguez
793,Jay Lavender
794,Farah Nabulsi
795,Walter Taylaur
796,Chris Smith
797,Alain Brunard
798,Tate Taylor
799,Ladislaus Kiraly
800,Oliver Stone
801,Hemambar Jasti
802,Taylor Morden
803,Helena Coan
804,Muharrem Gülmez
805,Dolapo Adeleke
806,Mahsun Kırmızıgül
807,Can Ulkay
808,Luis Alejandro Pérez
809,Ketche
810,Erol Özlevi
811,Miguel Arteta
812,Tolga Örnek
813,Pablo Agüero
814,Mohammad Irfan Ramly
815,Kevin McManus
816,Matthew McManus
817,Ange Basterga
818,Nicolas Lopez
819,Gitanjali Rao
820,Halitha Shameem
821,Carlos Moreno
822,Maribel Sánchez-Maroto
823,Fajar Bustomi
824,Taylor Hackford
825,Amy Poehler
826,Jared Hess
827,Tyler Measom
828,Mike Binder
829,Abir Sengupta
830,Sunny Lau
831,Emmett Malloy
832,Xavier Maingon
833,Marc-Antoine Hélard
834,Milton Kremer
835,Kevin Costner
836,Marco Petry
837,Andrew Duncan
838,Ken Cunningham
839,Liam Lynch
840,Jérémie Degruson
841,Ben Stassen
842,Matt Ross
843,Dani de la Orden
844,Pablo Larraín
845,John Erick Dowdle
846,Jesse Peretz
847,Ribhu Dasgupta
848,Rizki Balki
849,Shunsuke Kariyama
850,Jeferson De
851,Barry Avrich
852,David Tryhorn
853,Ben Nicholas
854,Tirumala Kishore
855,Huang Hsin-Yao
856,Saron Sakina
857,J Blakeson
858,Khalid Rahman
859,Luis Ara
860,Tharun Bhascker Dhaassyam
861,B. V. Nandini Reddy
862,Nag Ashwin
863,Sankalp Reddy
864,Prateek Vats
865,Alex Merkin
866,Vikram Bhatt
867,Dallas Jenkins
868,Damián Romay
869,Hamisha Daryani Ahuja
870,Hong Khaou
871,Mario Briongos
872,Vinay Bharadwaj
873,Michael Fimognari
874,Eric D. Cabello Díaz
875,Clara Martínez-Lázaro
876,Monty Tiwa
877,Ava DuVernay
878,Alain Darborg
879,Filip Zylber
880,Julien Royal
881,Brian Baugh
882,Henri Wong
883,Maïa Sandoz
884,Mostofa Sarwar Farooki
885,Joseph Hsu
886,Sam Levinson
887,Jo Sung-hee
888,Michèle Ohayon
889,Rocco Ricciardulli
890,Guo Jingming
891,Jan Belcl
892,Esteban Crespo
893,Noé González
894,Sarah Gavron
895,Martin Scorsese
896,Richard Arellano
897,Jon Favreau
898,Marco Pontecorvo
899,Gregory Plotkin
900,Lluís Quílez
901,Jude Weng
902,Simon Stone
903,Noviandra Santosa
904,Jeremy Grant
905,Jeo Baby
906,Glendyn Ivin
907,Okey Oku
908,Ifeanyi Ikpoenyi
909,Chris Eneng Enaji
910,Ángeles Reiné
911,Paul Haggis
912,Ramin Bahrani
913,Nicol Paone
914,Nick Rowland
915,RZA
916,Cooper Karl
917,Gary Fleder
918,J.A. Bayona
919,Darren Lynn Bousman
920,Lydia Dean Pilcher
921,Ginny Mohler
922,Cris D'Amato
923,Mikael Håfström
924,Simon J. Smith
925,Byeon Hee-sun
926,Peter Facinelli
927,Renuka Shahane
928,Ross Kauffman
929,Sung Do-jun
930,Charles Gozali
931,Bagus Bramanti
932,James Toback
933,Tiller Russell
934,Francisco D'Eufemia
935,Chris Rock
936,Juliet May
937,Stanley Nelson
938,Olivier Nakache
939,Éric Toledano
940,Prakash Jha
941,Rohan Sippy
942,Ross Venokur
943,Rohena Gera
944,Maite Ruiz De Austri
945,Jastis Arimba
946,Eric Summer
947,Éric Warin
948,Kornél Mundruczó
949,Alejandro Ruax
950,Ramiro Martínez
951,Florent Bodin
952,Sohail Khan
953,Hallvard Bræin
954,Jeff Tremaine
955,Christian Alvart
956,Robert Townsend
957,Jeff Deverett
958,Ron Krauss
959,Brian Robbins
960,Jeff Stilson
961,Sean Penn
962,Mark McQueen
963,Melanie Mayron
964,Donald Petrie
965,Tony Collingwood
966,Jennifer Beamish
967,Toby Trackman
968,Jaume Collet-Serra
969,Kim Dong-kyu
970,Shaz Bennett
971,Samar Shaikh
972,Archie Hekagery
973,Sabrina Rochelle Kalangie
974,Cosima Spender
975,Liao Shih-han
976,Arnon Manor
977,Timothy Ware-Hill
978,Gore Verbinski
979,Al Campbell
980,Alice Mathias
981,Maïwenn
982,Richard Weston
983,Vikramaditya Motwane
984,Prime Cruz
985,Andibachtiar Yusuf
986,Yandy Laurens
987,Cathy Garcia-Molina
988,John Mitchell
989,Jeremy Kipp Walker
990,George Clooney
991,Liu Kuang-hui
992,Kristian Mercado
993,Daan Jansen
994,Stijn Verlinde
995,Jay Grace
996,Paul Dugdale
997,James Haslam
998,Muhammad Ali
999,Thomas Toby Parkinson
1000,John Putch
1001,Sam Macaroni
1002,George C. Wolfe
1003,Yasmin Ahmad
1004,Sudha Kongara
1005,Vignesh Shivan
1006,Vetri Maaran
1007,Juan Camilo Pinzon
1008,Lin Oeding
1009,Naya Anindita
1010,Alexx Media
1011,Farishad I. Latjuba
1012,Andrucha Waddington
1013,Pedro Waddington
1014,Picky Talarico
1015,Jun Lana
1016,Brad Peyton
1017,Lee Daniels
1018,Tom Ford
1019,Ellena Wood
1020,Jesse Vile
1021,Vir Das
1022,Miranda de Pencier
1023,Farhad Safinia
1024,Shaun Paul Piccinino
1025,Eddie Rosas
1026,Frank E. Abney III
1027,James D. Stern
1028,Fernando Villena
1029,Ryan Murphy
1030,Girish Malik
1031,Deepa Mehta
1032,Lai Chun-yu
1033,Theodore Boborol
1034,Sydney Sibilia
1035,Josiah Ng
1036,Kirk Wise
1037,Beth Sleven
1038,Allan Jacobsen
1039,Kevin Wotton
1040,Jalil Lespert
1041,Su I-Hsuan
1042,Chuang Shiang-an
1043,Liu Yi
1044,Clint Butler
1045,Erik Kling
1046,Kevin Peaty
1047,Detlev Buck
1048,Amanda Raymond
1049,Jason Paul Laxamana
1050,Marc Fouchard
1051,Darragh O'Connell
1052,Roberto Santucci
1053,Dado C. Lumibao
1054,August Jakobsson
1055,Anna Wieczur-Bluszcz
1056,Damien O’Connor
1057,Richard Laxton
1058,Gil Kenan
1059,Phil Burgers
1060,Pierre Morel
1061,Brian Henson
1062,Derick Cabrido
1063,Marla M. Ancheta
1064,Jen McGowan
1065,Bernie Denk
1066,Brian Skiba
1067,Oliver Bokelberg
1068,Ángel Gómez Hernández
1069,Ludovico Di Martino
1070,Lee Chung-hyun
1071,Barry Gonzalez
1072,Brian Volk-Weiss
1073,Matthew Michael Carnahan
1074,Eric Bress
1075,Chris Columbus
1076,V Vignarajan
1077,Greg Rankin
1078,TJ Sullivan
1079,Carlos Sorín
1080,Matt Eskandari
1081,Grant Singer
1082,Mohammad Adel
1083,Debbie Allen
1084,Victor Gatonye
1085,Stephen Chiodo
1086,Will McCormack
1087,Michael Govier
1088,Monica Floyd
1089,Anurag Kashyap
1090,Siddique
1091,Danish Aslam
1092,Vibhu Virender Puri
1093,Mike Rohl
1094,Shyam Benegal
1095,Takeshi Fukunaga
1096,Leslie Small
1097,Jeff Nichols
1098,Sabaah Folayan
1099,Damon Davis
1100,Justin G. Dyck
1101,Cody Cameron
1102,Kris Pearn
1103,Michael Curtiz
1104,Avinash Walzade
1105,David E. Talbert
1106,Renata Terra
1107,Edoardo Ponti
1108,Mateo Gil
1109,Paul Soriano
1110,Ryan Coogler
1111,Lucas Santa Ana
1112,Carla Barros
1113,Ulrike Kofler
1114,Steven Bognar
1115,Julia Reichert
1116,Kunle Afolayan
1117,Weica Wang
1118,Aitor Arregi
1119,Jon Garaño
1120,Jose Mari Goenaga
1121,Kevin Pollak
1122,Otoja Abit
1123,Alejandro Hartmann
1124,Maxwell McGuire
1125,Ruel S. Bayani
1126,Martin Wood
1127,Narendra Nath
1128,Jan-Peter Horns
1129,Tatsushi Omori
1130,Estela Renner
1131,Zeek Earl
1132,Christopher Caldwell
1133,Michael Kampa
1134,Chanda Bell
1135,Jennifer Westcott
1136,Richard Greenberg
1137,Peter Berg
1138,Nicolas Pesce
1139,Christopher Cain
1140,Juliana Vicente
1141,Harald Zwart
1142,Stacia Crawford
1143,Remi Weekes
1144,Tope Oshin
1145,Terrie Samundra
1146,Olivier Marchal
1147,Santiago Alvarado Ilarri
1148,Frasco Mortiz
1149,John Whitesell
1150,Antonio Díaz
1151,Nimród Antal
1152,Bartosz M. Kowalski
1153,James Tovell
1154,Matías Gueilburt
1155,Natasha Lyonne
1156,Chang Chin-jung
1157,Chen Rong-hui
1158,Rajkumar Santoshi
1159,Lance Daly
1160,Unjoo Moon
1161,Gil Baroni
1162,Thierry Demaizière
1163,Alban Teurlai
1164,Glen Keane
1165,Chris Sivertson
1166,Kief Davidson
1167,Pedro Kos
1168,Jarand Herdal
1169,Dan Villegas
1170,Chris Foggin
1171,Kim Nguyen
1172,Karen Maine
1173,Tim Neeves
1174,Ben Wheatley
1175,Maroun Baghdadi
1176,Philippe Aractingi
1177,Amin Dora
1178,Rana Eid
1179,Daniel Joseph
1180,Randa Chahal Sabbag
1181,Ziad Doueiri
1182,Shady Hanna
1183,Josef Fares
1184,Sam Fell
1185,Chris Butler
1186,Ross Boyask
1187,David 'Tosh' Gitonga
1188,Michael Jones
1189,Ti West
1190,Aaron Sorkin
1191,Levan Gabriadze
1192,Rachel Talalay
1193,Sam Liu
1194,Peter Mimi
1195,Lasja Fauzia Susatyo
1196,Pavitra Chalam
1197,Akshay Shankar
1198,Kevin Ko
1199,Peter Tsi
1200,Caroline Suh
1201,Carlos Pérez Osorio
1202,Ken Ghosh
1203,Indra Kumar
1204,B. Subhash
1205,Harshavardhan Kulkarni
1206,Neeraj Vora
1207,Puneet Khanna
1208,Radha Blank
1209,Bigflo & Oli
1210,Jérémie Levypon
1211,Eduardo Pinto
1212,Pavel Kostomarov
1213,Mike Elliott
1214,Francis Whately
1215,Jon Izen
1216,Christopher Nolen
1217,Alastair Fothergill
1218,Jonnie Hughes
1219,Keith Scholey
1220,Amy Segal
1221,Umut Aral
1222,Umut Kirca
1223,Sudhir Mishra
1224,Domenico de Feudis
1225,Oz Rodriguez
1226,Salvador Espinosa
1227,Adrian Teh
1228,Brad Silberling
1229,Elsa Flores Almaraz
1230,Richard J Montoya
1231,Carey McKenzie
1232,Adam Bolt
1233,Taika Waititi
1234,Lindsey Cordero
1235,Armando Croda
1236,David LaChapelle
1237,Mostafa Abu Seif
1238,Faris Godus
1239,Rod Lurie
1240,Stacie Passon
1241,Jenny Popplewell
1242,Florian Schott
1243,Tom Whitworth
1244,Joe Mantello
1245,Lee Hirsch
1246,Page Hurwitz
1247,Dallas Jackson
1248,Rajat Kapoor
1249,Imtiaz Ali
1250,Navdeep Singh
1251,Anees Bazmee
1252,Rikhil Bahadur
1253,Shawn Levy
1254,Harry Bradbeer
1255,Joshua Tickell
1256,Rebecca Harrell Tickell
1257,Sophia Nahli Allison
1258,Norihisa Hiranuma
1259,Shigeaki Kubo
1260,Tsuyoshi Nakakuki
1261,Yudai Yamaguchi
1262,Marwan Hamed
1263,Smeep Kang
1264,Raja Chanda
1265,Tigmanshu Dhulia
1266,Akashdeep
1267,Rajesh Ganguly
1268,Alankrita Shrivastava
1269,Chandra Liow
1270,Sekhar Kammula
1271,Gary Andrews
1272,Merawi Gerima
1273,Kubhaer T. Jethwani
1274,Antonio Campos
1275,Carles Torras
1276,James Watkins
1277,Philippa Lowthorpe
1278,Pailin Wedel
1279,Chris Howe
1280,Peter Sollett
1281,Steve Bencich
1282,Tosin Coker
1283,Javier Colinas
1284,Dean DeBlois
1285,Reinhard Klooss
1286,Shaun Mir
1287,Satish Rajwade
1288,Abhijeet Deshpande
1289,Mahesh Manjrekar
1290,Prakash Kunte
1291,Manish Saini
1292,Kenny Ortega
1293,Makarand Mane
1294,Vijay Maurya
1295,Sameer Patil
1296,Kenzo Maihara
1297,Amandha Wyanto
1298,Ahmed Nader Galal
1299,Arati Kadav
1300,Maïmouna Doucouré
1301,Pepe Mora
1302,Marcos Carnevale
1303,Jeff Orlowski
1304,Cho Il
1305,Pippa Ehrlich
1306,James Reed
1307,Tolga Karaçelik
1308,Davis Guggenheim
1309,Philip Barantini
1310,Charlie Kaufman
1311,Abba T. Makama
1312,Junior Carelli
1313,Rudge Campos
1314,Ertanto Robby Soediskam
1315,Mark Steven Johnson
1316,Felix Binder
1317,Thor Freudenthal
1318,Nguyen Thanh Tung
1319,Baltasar Kormákur
1320,Conrad Helten
1321,Ayumu Watanabe
1322,Hitoshi Namba
1323,Chris Miller
1324,Sean Anders
1325,Abbas Mustan
1326,Duncan McMath
1327,Dan Forgione
1328,Pete Jacobs
1329,Matt Whitlock
1330,Francesco Carnesecchi
1331,Greg Tiernan
1332,Mark Thornton
1333,Todd Kauffman
1334,Shamzu Zayba
1335,Jesse V. Johnson
1336,Brett Haley
1337,Chris Roland
1338,Maradona Dias Dos Santos
1339,David Galán Galindo
1340,David Moreton
1341,Lester Hsi
1342,Cyrus Nowrasteh
1343,Isabel Sandoval
1344,Nathan Wiley
1345,Wayne Blair
1346,Atul Sabharwal
1347,Bernardo Arellano
1348,Trish Sie
1349,Hong Won-ki
1350,Khaled Marei
1351,Fred Wolf
1352,Niyi Akinmolayan
1353,Sammaria Sari Simanjuntak
1354,Chairun Nissa
1355,Tom Hooper
1356,Sergei Bodrov
1357,Anna Stone
1358,Cory Edwards
1359,Faraday Okoro
1360,Henry Joost
1361,Ariel Schulman
1362,Rebecca Zlotowski
1363,Sharan Sharma
1364,Tyler Spindel
1365,Vicky Wight
1366,Marc Meyers
1367,Franziska Meyer Price
1368,Steven Rinella
1369,Laura Terruso
1370,Martín Sastre
1371,Franck Nataf
1372,Pascal Amanfo
1373,Savage Steve Holland
1374,Mike Doyle
1375,Darren Grant
1376,Joseph Ruben
1377,Mfanelo Ngoma
1378,Colin Minihan
1379,Regina Welker
1380,Nina Wels
1381,Honey Trehan
1382,Katleho Ramaphakela
1383,Rethabile Ramaphakela
1384,Ariel Boles
1385,Álvaro Delgado-Aparicio L.
1386,Venkatesh Maha
1387,Nopparoj Chotmunkongsit
1388,Aniedi Anwah
1389,Mickey Fonseca
1390,Matias Mariani
1391,Jan Komasa
1392,Sue Kim
1393,Paul Solet
1394,Ben Kasulke
1395,Gagan Puri
1396,Teddy Chan
1397,Bhavin Wadia
1398,Tony Bancroft
1399,Scott Christian Sava
1400,Tope Alake
1401,Fernando González Molina
1402,Yuki Tanada
1403,Alex Gibney
1404,Ahn Byoung-wook
1405,Sibusiso Khuzwayo
1406,Lisa Cortés
1407,Farah X
1408,Wilson Yip
1409,Dave Skinner
1410,Freddie Waters
1411,Denis Do
1412,Leslye Davis
1413,Catrin Einhorn
1414,Toka McBaror
1415,Tunde Apalowo
1416,Peter Sullivan
1417,Axelle Laffont
1418,Daniel Oriahi
1419,Stefano Mordini
1420,Hayden Guppy
1421,Stéphane de Freitas
1422,André Odendaal
1423,Johan Vorster
1424,Cassia Dian
1425,Amro Salah
1426,Sue Ding
1427,Gina Prince-Bythewood
1428,Wouter Bouvijn
1429,Bryn Evans
1430,Cristina Costantini
1431,Kareem Tabsch
1432,Hannah Fidell
1433,Chris Renaud
1434,Kyle Balda
1435,Scott Zabielski
1436,Coodie
1437,Chike
1438,QLF
1439,Sachin Kundalkar
1440,Puri Jagannadh
1441,Vishal Mahadkar
1442,Karan Johar
1443,Zoya Akhtar
1444,Anthony D'Souza
1445,Soumendra Padhi
1446,Fuwad Khan
1447,Nishikant Kamat
1448,Krish
1449,Kabir Sadanand
1450,Rachit Kusonkoonsiri
1451,Shoojit Sircar
1452,Omung Kumar
1453,Umesh Shukla
1454,Devika Bhagat
1455,Takashi Doscher
1456,Shubham Singh
1457,Abbas Alibhai Burmawalla
1458,Mastan Alibhai Burmawalla
1459,Luv Ranjan
1460,Vikas Bahl
1461,Neeraj Pandey
1462,Aanand Rai
1463,Gurmmeet Singh
1464,LP
1465,Rako Prijanto
1466,Raoul Peck
1467,Shirley Frimpong-Manso
1468,Fabio Ock
1469,Joana Mazzucchelli
1470,Sabina Fedeli
1471,Anna Migotto
1472,Kyran Kelly
1473,Salvador Calvo
1474,Cem Yılmaz
1475,Bruce Beresford
1476,Michael Duggan
1477,Almudena Carracedo
1478,Robert Bahar
1479,Paul Verhoeven
1480,Younuts!
1481,Obi Emelonye
1482,Daniel Effiong
1483,Abhijit Panse
1484,Rachel Griffiths
1485,David Dobkin
1486,Oluseyi Asurf
1487,Eduardo Roy Jr.
1488,Ravikanth Perepu
1489,Sooraj R. Barjatya
1490,Bonni Cohen
1491,Jon Shenk
1492,Anvita Dutt
1493,Gaspar Antillo
1494,Eric Notarnicola
1495,Musthafa
1496,Ishaya Bako
1497,Kate Mulleavy
1498,Laura Mulleavy
1499,Akhigbe Ilozobhie
1500,Apurva Dhar Badgaiyann
1501,Elissa Down
1502,Guillaume Pierret
1503,Olivier Assayas
1504,Junichi Sato
1505,Tomotaka Shibayama
1506,Pablo Aulita
1507,Manatsanun Phanlerdwongsakul
1508,Georges Hachem
1509,Peter Lepeniotis
1510,Jim Hosking
1511,Paco Aguilar
1512,Greg McLean
1513,Juan José Campanella
1514,A. Raajdheep
1515,Pidi Baiq
1516,Nicholas Kharkongor
1517,Michael McKay
1518,Kitaro Kosaka
1519,Ali F. Mostafa
1520,Ayman Makram
1521,George Gallo
1522,Ry Russo-Young
1523,Barbara Białowąs
1524,Tomasz Mandes
1525,Akhil Paul
1526,Anas Khan
1527,Kanika Batra
1528,Michael Cristofer
1529,Mohamed Khan
1530,Adriana Trigiani
1531,Phil Sgriccia
1532,Andaç Haznedaroğlu
1533,Murat Kepez
1534,Greta Gerwig
1535,Sam Rega
1536,Wael Ehsan
1537,Inas El-Degheidy
1538,Ahmed Al-Badry
1539,Sameh Abdulaziz
1540,Wael Ihsan
1541,Izidore K. Musallam
1542,Sherif Arafa
1543,Yasir Al Yasiri
1544,Safdar Rahman
1545,Tomas Brickhill
1546,Hani Al-Shaibani
1547,Mamoru Hosoda
1548,James Franco
1549,Niall Johnson
1550,Michael Damian
1551,Ahmed Zain
1552,Angshuman Ghosh
1553,Ahmed Zein
1554,Alejandro Montiel
1555,Fernando Frías de la Parra
1556,Madeleine Parry
1557,Yu Yang
1558,Jesse Warn
1559,Josh Safdie
1560,Benny Safdie
1561,Hiromasa Yonebayashi
1562,Yoshiyuki Momose
1563,Akihiko Yamashita
1564,Michael Showalter
1565,Norm Hiscock
1566,Gary Howsam
1567,Mike Smith
1568,John Paul Tremblay
1569,Robb Wells
1570,Almunsif Alsuwaisi
1571,Fouad Al Shatti
1572,Fouad El-Mohandes
1573,Andrés Feddersen
1574,Samir Al Asfory
1575,Hussein Kamal
1576,Hassan AbdulSalam
1577,Houssam El-Din Mustafa
1578,Muhammad Fadl
1579,Hany Motawie
1580,Lonzo Nzekwe
1581,Alex Timbers
1582,Sam Wrench
1583,Rebecca Johnson
1584,Carlos Morett
1585,Megha Ramaswamy
1586,Saeed Hamed
1587,Ali Ragab
1588,Ahmad El-Badri
1589,Marcus Raboy
1590,Haifaa Al-Mansour
1591,Mohammed Alhmly
1592,Lucien Bourjeily
1593,Laura Mañá
1594,Sivaroj Kongsakul
1595,Salmeen AlMurry Amer
1596,Mohit Suri
1597,Obaid Alhmoudi
1598,Adekunle Nodash Adejuyigbe
1599,Sadeq Behbehani
1600,Dylan Mohan Gray
1601,Hussein El Ansary
1602,Claire Scanlon
1603,Vipul Amrutlal Shah
1604,Donick Cary
1605,Will Forbes
1606,Francesco Amato
1607,Damien Chazelle
1608,Houda Benyamina
1609,Laïla Marrakchi
1610,Alan Poul
1611,S.A. Zaidi
1612,Hamad AlSarraf
1613,He Xiaofeng
1614,Nadia Hallgren
1615,Pedro Flores Maldonado
1616,Joe DeMaio
1617,Aaron Woodley
1618,Lucas Margutti
1619,Ashok Nanda
1620,Hernán Guerschuny
1621,Alex Ranarivelo
1622,Seth Barrish
1623,Brett Hedlund
1624,Joe Robert Cole
1625,Michelle Esrick
1626,Olivier Abbou
1627,Jeffrey Schwarz
1628,Craig Freimond
1629,Shirish Kunder
1630,Mysskin
1631,Alice Wu
1632,Joey So
1633,Dennie Gordon
1634,Michael M. Scott
1635,Sion Sono
1636,David Chuang
1637,Chen Kuan-chung
1638,Chris Bolan
1639,Omoni Oboli
1640,Saravana Rajan
1641,Sırrı Süreyya Önder
1642,Sermiyan Midyat
1643,Ahmed Yousry
1644,Hazem Fouda
1645,Handan İpekçi
1646,Ferzan Özpetek
1647,Ashraf Fayeq
1648,Paul Munger
1649,Matei Dima
1650,Jonathan Augustin
1651,Venky Kudumula
1652,Amr Arafa
1653,Michel Hazanavicius
1654,Ahmed Saleh
1655,Ahmed Medhat
1656,Mohamed Yassin
1657,Chakri Toleti
1658,Neville Shah
1659,Upi Avianto
1660,Yoon Sung-hyun
1661,Rachel Mason
1662,Patryk Vega
1663,Marc Vigil
1664,Ryan Polito
1665,Anoop Sathyan
1666,Müfit Can Saçıntı
1667,Cüneyt Kaya
1668,Greg Barker
1669,Leticia Jorge Romero
1670,Adrien Lagier
1671,Ousmane Ly
1672,Ethan Coen
1673,Joel Coen
1674,Jon M. Chu
1675,Diego Pignataro
1676,Ian Edelman
1677,Ali Yorgancıoğlu
1678,Digo Ricio
1679,Emcy Joseph
1680,Kranthi Madhav
1681,Matt D'Elia
1682,Jeff Chan
1683,Dean Craig
1684,Grand Corps Malade
1685,Mehdi Idir
1686,Jay Karas
1687,Stefano Lodovichi
1688,Alan Yang
1689,Perci Intalan
1690,M. Night Shyamalan
1691,Chris Robinson
1692,Eddie Mensore
1693,Sean Baker
1694,Padraig Reynolds
1695,Yorgos Lanthimos
1696,Michael Dowse
1697,Pablo Lejarreta
1698,Armando Iannucci
1699,Akira Saitoh
1700,Haruka Fujita
1701,Mukul Anand
1702,Karan Malhotra
1703,David Batra
1704,Jon Rudberg
1705,Tarun Mansukhani
1706,Ramesh Talwar
1707,Mahesh Bhatt
1708,Raj Khosla
1709,Punit Malhotra
1710,Soham Shah
1711,Nikkhil Advani
1712,Shakun Batra
1713,Anirban Majumder
1714,Alka Amarkant Dubey
1715,Prakash Mehra
1716,Anand Ravichandran
1717,Richard Claus
1718,Karsten Kiilerich
1719,Floria Sigismondi
1720,Renzil D'Silva
1721,Fritz Böhm
1722,Ravishankar Venkateswaran
1723,Vijay S. Bhanushali
1724,David Hunt
1725,Stephen S. Campanelli
1726,Rakesh Ranjan Kumar
1727,Sam Irvin
1728,Gary Stretch
1729,Desingh Periyasamy
1730,Neeraj Udhwani
1731,Patrice Laliberté
1732,Ellen Page
1733,Ian Daniel
1734,Prentice Penny
1735,Zsolt Pálfi
1736,Nawapol Thamrongrattanarit
1737,Marlene Melchior
1738,Aaron Lieber
1739,Tamas Yvan Topolanszky
1740,Àlex Pastor
1741,David Pastor
1742,Rami Hachache
1743,Francisco Macri
1744,Gabriela García Rivas
1745,Eric Goode
1746,Rebecca Chaiklin
1747,Francesco Lettieri
1748,John Suits
1749,Takeru Nakajima
1750,Yoshiyuki Okada
1751,Susan Walter
1752,Masaaki Yuasa
1753,Pierre Deschamps
1754,Jeff Tomsic
1755,Scot Armstrong
1756,Naman Nitin Mukesh
1757,Lynn Novick
1758,Navjot Gulati
1759,Stephanie Zwane
1760,Owen Trevor
1761,Stephanie Turner
1762,Liz Garbus
1763,Mehmet Ada Öztekin
1764,Jos Humphrey
1765,Sharmeen Obaid-Chinoy
1766,Toyin Abraham
1767,Ruchi Narain
1768,Christophe Charrier
1769,Daniel Calparsoro
1770,Trivikram Srinivas
1771,Kittiphak Thonguam
1772,Cristi Puiu
1773,Sebastian Jones
1774,Ramez Silyan
1775,Carlos Sedes
1776,Adam B. Stein
1777,Zach Lipovsky
1778,Athiyan Athirai
1779,Zuko Nodada
1780,Madonna
1781,Milton Horowitz
1782,Sneha Taurani
1783,Momoko Kamiya
1784,Matthew Ross
1785,Lee Kirk
1786,Ziggy Hofmeyr
1787,Gustavo Ron
1788,Yacine Belhousse
1789,Sam Dunn
1790,Kunihiko Yuyama
1791,Motonori Sakakibara
1792,Ali Kalthami
1793,Meshal Aljaser
1794,Mohamed al Salman
1795,Faisal al Amer
1796,Tolu Awobiyi
1797,Oyefunke Fayoyin
1798,Jason Orley
1799,Robert Eagar
1800,Travis Stevens
1801,Mick Grogan
1802,Nora Fingscheidt
1803,Jeethu Joseph
1804,Dee Rees
1805,Sooni Taraporevala
1806,Linda Korsten
1807,Tom Barton-Humphreys
1808,Angelina Jolie
1809,R.J. Daniel Hanna
1810,Paco Cabezas
1811,Peter Billingsley
1812,Jason Zada
1813,Avgousta Zourelidi
1814,Richard Phelan
1815,Will Becher
1816,Rod Cabatana Marmol
1817,Michał Tylka
1818,Oliver Kienle
1819,Brian Webber
1820,Takashi Yamazaki
1821,Ryuichi Yagi
1822,Makoto Hanafusa
1823,Pantham Thongsang
1824,Cheewatan Pusitsuksa
1825,Paul Krüger
1826,Anél Stolp
1827,Andres Clariond
1828,Andrew Dean
1829,Lars Klevberg
1830,Lukasz Kosmicki
1831,Shanavas K. Bavakutty
1832,Kwabena Gyansah
1833,Jeff Baena
1834,Kumaran
1835,Jared Moshé
1836,Austin Peck
1837,Anneliese Vandenberg
1838,James Bamford
1839,Julia Willoughby Nason
1840,Jenner Furst
1841,Nate Adams
1842,Adam Carolla
1843,Ivan Silvestrini
1844,Robert Krantz
1845,Gregory Jacobs
1846,Alfonso Cortés-Cavanillas
1847,Xavier Manrique
1848,Richard Gabai
1849,Alfons Adetuyi
1850,Thomas Astruc
1851,Erwin van den Eshof
1852,G.J. Echternkamp
1853,Hikari
1854,Jean-Claude Flamand-Barny
1855,Lana Wilson
1856,Shannon Hartman
1857,David Oelhoffen
1858,Ramesh Sippy
1859,Ajay Bhuyan
1860,Josh Z. Weinstein
1861,Joshua Z. Weinstein
1862,Chung Mong-hong
1863,Johnny Breedt
1864,César Rodrigues
1865,Quek Shio-chuan
1866,Pablo Stoll
1867,Juan Pablo Rebella
1868,Krysia Plonka
1869,Madhumita
1870,Debamitra Biswal
1871,David Lynch
1872,Tyler Perry
1873,Caryn Waechter
1874,Tim Hill
1875,Numa Perrier
1876,Brian Helgeland
1877,Danny Boyle
1878,Rima Das
1879,Paco Plaza
1880,Andrew Goth
1881,William Kaufman
1882,David Benioff
1883,D.B. Weiss
1884,Steve Boettcher
1885,Mikhil Musale
1886,Tom Green
1887,David Lowery
1888,Maria Ripoll
1889,Yibrán Asuad
1890,Edwin
1891,Vadim Jean
1892,Mark A.Z. Dippé
1893,Kyung Ho Lee
1894,Eondeok Han
1895,John A. Davis
1896,Justin Webster
1897,Tetsuo Yajima
1898,John Lyde
1899,Steve Rash
1900,Ravi Babu
1901,Soumitra Ranade
1902,Jon Rosenbaum
1903,Bruce Leddy
1904,Yuki Yamato
1905,Andrew Wessels
1906,Emir Kusturica
1907,Odunlade Adekola
1908,Elisa Fuksas
1909,Lee Toland Krieger
1910,Akiyuki Shinbo
1911,Nobuyuki Takeuchi
1912,Ron Oliver
1913,Shojiro Nishimi
1914,Guillaume Renard
1915,Pepe Bojórquez
1916,Rhys Thomas
1917,David M. Rosenthal
1918,Louise Alston
1919,Sunkanmi Adebayo
1920,Falz
1921,Frank Rajah Arase
1922,Fernando Meirelles
1923,Rodrigo Reyes
1924,Mark Lewis
1925,Sebastian DiNatale
1926,Nuhash Humayun
1927,Syed Ahmed Shawki
1928,Rahat Rahman
1929,Robiul Alam Robi
1930,Golam Kibria Farooki
1931,Mir Mukarram Hossain
1932,Tanvir Ahsan
1933,Mahmudul Islam
1934,Abdullah Al Noor
1935,Krishnendu Chattopadhyay
1936,Syed Saleh Ahmed Sobhan
1937,Karan Anshuman
1938,Farhan Akhtar
1939,Mrighdeep Singh Lamba
1940,Tsutomu Mizushima
1941,Reema Kagti
1942,Jadesola Osiberu
1943,Vijay Lalwani
1944,Abhishek Kapoor
1945,Michael Bay
1946,Biodun Stephen
1947,Ding-Lin Wang
1948,Richard van't Riet
1949,Shonali Bose
1950,Lance Bangs
1951,Robbie Countryman
1952,Trey Edward Shults
1953,Sujeeth
1954,Alexandre Avancini
1955,Noah Baumbach
1956,Atsuko Ishizuka
1957,Eric Aghimien
1958,Michel Tikhomiroff
1959,Robert Kenner
1960,Taki Oldham
1961,John Schultz
1962,Linda Mendoza
1963,Michelle Johnston
1964,Vijay Kumar Arora
1965,Matt Shakman
1966,Mikhail Red
1967,Pankaj Batra
1968,Serge Ou
1969,Navaniat Singh
1970,Gaurav Bavdankar
1971,Jagdeep Sidhu
1972,Tanawat Aiemjinda
1973,Mukesh Vohra
1974,Syrine Boulanouar
1975,Nekfeu
1976,Tudor Giurgiu
1977,Ignacio Jaunsolo
1978,Abhishek Sharma
1979,Mati Diop
1980,Jérémy Clapin
1981,Mandla Dube
1982,Mike Ezuruonye
1983,Cheta Chukwu
1984,Roger Russell
1985,Edward Zwick
1986,Basava Shankar Eeday
1987,Elle-Máijá Tailfeathers
1988,Kathleen Hepburn
1989,Sanjiv Jaiswal
1990,Marta Jaenes
1991,Rosa Márquez
1992,Julien Abraham
1993,Monika Mitchell
1994,Eva Orner
1995,KVR Mahendra
1996,Juan Carlos Rulfo
1997,Raj R
1998,Steve Paley
1999,Timo Vuorensola
2000,Robb Dipple
2001,Eli Roth
2002,Wash Westmoreland
2003,Alessandro Angulo
2004,Mauro Scandolari
2005,Arjun Jandyala
2006,Shashanka Ghosh
2007,Samit Basu
2008,Naoko Yamada
2009,Sergio Pablos
2010,Valli Bindana
2011,Makoto Shinkai
2012,Gautier & Leduc
2013,Christopher Storer
2014,Josh Aronson
2015,Luke Snellin
2016,Xavier Durringer
2017,Pawan Kumar
2018,Phillip Youmans
2019,Zhang Yimou
2020,Neal Brennan
2021,Azazel Jacobs
2022,Jung Ji-woo
2023,Matt D'Avella
2024,Parthiban
2025,Scott McAboy
2026,Raymie Muzquiz
2027,Stu Livingston
2028,Joe Menendez
2029,Eric Bross
2030,Will Eisenberg
2031,Marina Seresesky
2032,Kenny Leon
2033,Harvey Lowry
2034,James Dearden
2035,Drea Cooper
2036,Zackary Canepari
2037,Michael A. Nickles
2038,Blayne Weaver
2039,David Michôd
2040,Marco Bonfanti
2041,Everardo González
2042,Rodrigo Guardiola
2043,Gabriel Cruz Rivas
2044,Juani Libonatti
2045,DJ Chen
2046,Park Joon-hwa
2047,Saravana Rajendran
2048,Matt Kay
2049,Craig Brewer
2050,Billy Lyons
2051,Michael Steed
2052,Zak Hilditch
2053,Michael Steiner
2054,Andrew Slater
2055,Glen Goei
2056,Gavin Yap
2057,Huw Cordey
2058,Yuen Woo-ping
2059,Gillian Robespierre
2060,Thomas Vinterberg
2061,Ciarán Foy
2062,Daniel Sánchez Arévalo
2063,Don Omope
2064,Ed Perkins
2065,Steven Soderbergh
2066,Udai Singh Pawar
2067,Guntur Soeharjanto
2068,Bassam Tariq
2069,Leslie Iwerks
2070,Louie Psihoyos
2071,Ahmet Katıksız
2072,Jean-François Blais
2073,Leïla Sy
2074,Kery James
2075,Vince Gilligan
2076,Bolanle Austen-Peters
2077,Dennis Rovira van Boekholt
2078,Naoto Amazutsumi
2079,Jenny Gage
2080,Kaila York
2081,Vandana Kataria
2082,Onur Bilgetay
2083,Vincenzo Natali
2084,Tugçe Soysop
2085,Jacob Joice
2086,Luis Javier Henaine
2087,Anand Kamalakar
2088,Lee Yoon-jung
2089,Roy Poortmans
2090,Vrinda Samartha
2091,Nicholaus Goossen
2092,Stig Bergqvist
2093,Paul Demeyer
2094,Igor Kovalyov
2095,Norton Virgien
2096,Danny Cannon
2097,Mana Yasuda
2098,Gupse Özay
2099,Jim Mickle
2100,Jumpei Mizusaki
2101,Koji Morimoto
2102,Michael Arias
2103,Arthell Isom
2104,Henry Thurlow
2105,Takanobu Mizuno
2106,Elsa Nakamichi
2107,Hajime Sasaki
2108,Shinji Takagi
2109,Mangesh Hadawale
2110,Wong Kar Wai
2111,Otilia Portillo Padua
2112,Michael J. Bassett
2113,Rahul Ravindran
2114,Archie Borders
2115,Deepti Naval
2116,Scott Aukerman
2117,Mariano Barroso
2118,Kiko Cruz Claverol
2119,Patricia Font
2120,Sandeep Reddy Vanga
2121,Randall Lobb
2122,Alex Stapleton
2123,Teng Huatao
2124,Nzingha Stewart
2125,Orlando von Einsiedel
2126,Anubhav Sinha
2127,Maha Venkatesh
2128,Tharun Bhascker
2129,Farhan Alam
2130,A. L. Vijay
2131,Petra Costa
2132,Hayato Date
2133,Lea Glob
2134,Rémy Four
2135,Julien War
2136,Alejandro Fernández Almendras
2137,Jota Linares
2138,Wagner de Assis
2139,White Trash Tyler
2140,Stan Lathan
2141,Yeung Yat-Tak
2142,Rai Yuvraj Bains
2143,Sunil Thakur
2144,Muh Chen
2145,Saurabh Sinha
2146,Ashwin Saravanan
2147,Julia Knowles
2148,Tarsem Singh
2149,Kepa Sojo
2150,Cho Li
2151,Chen Hung-yi
2152,Liu Bang-yao
2153,Lin Guan-fu
2154,Shen Chi
2155,YC Tom Lee
2156,Manu Ashokan
2157,Anita Udeep
2158,Vlad Yudin
2159,Alberto Arnaut Estrada
2160,Robert Moresco
2161,Aadish Keluskar
2162,Joe Murray
2163,Cosmo Segurson
2164,Jesse Moss
2165,Shin Won-ho
2166,Sujoy Ghosh
2167,John Asher
2168,Alex Burunova
2169,Jesús Torres Torres
2170,Camille Shooshani
2171,Vijay Kumar
2172,Phanindra Narsetti
2173,Gideon Raff
2174,Jorge M. Fontana
2175,Olivier Afonso
2176,Karim Amer
2177,Jehane Noujaim
2178,Jay Chapman
2179,Demetri Martin
2180,Dante Lam
2181,Chi Keung Fung
2182,Corey Yuen
2183,Patrick Leung
2184,To-hoi Kong
2185,Frank Ariza
2186,Jerry Seinfeld
2187,Aditya Sarpotdar
2188,Nisheeta Keni
2189,Daniel Gray Longino
2190,Gerardo Olivares
2191,Wi Ding Ho
2192,Joe Lynch
2193,Andreas Pichler
2194,Daniel Arasanz
2195,Spike Jonze
2196,Marcelo Altmark
2197,Mariano Mucci
2198,Luis A. Scalella
2199,Hernán Zin
2200,Sittisiri Mongkolsiri
2201,Robbie Grewal
2202,Thiagarajan Kumararaja
2203,Kate Horne
2204,Roberto Girault Facha
2205,Svati Chakravarty Bhatkal
2206,Kevin Bray
2207,Jesse Johnson
2208,Miguel Cohan
2209,Luis Alberto Restrepo
2210,Andrés Beltrán
2211,Jaime Rayo
2212,Hideaki Anno
2213,Kazuya Tsurumaki
2214,Abhijit Kokate
2215,Srivinay Salian
2216,Antonin Baudry
2217,Jon Watts
2218,Jakob Lass
2219,John Haptas
2220,Kristine Samuelson
2221,Sanjay Jadhav
2222,Vinod Kapri
2223,Elías León
2224,Kyle Newacheck
2225,Mark Ritchie
2226,Rocky Soraya
2227,Federico Veiroj
2228,Isabel Coixet
2229,Grant Sputore
2230,Juan Antin
2231,Hanno Olderdissen
2232,Amar Kaushik
2233,Eva Trobisch
2234,Mathieu Auvray
2235,Limbert Fabian
2236,Brandon Oldenburg
2237,Datta Mohan Bhandare
2238,Sanjib Dey
2239,Daniel Yee Heng Chan
2240,Rakeysh Omprakash Mehra
2241,Han Han
2242,Jang Jae-hyun
2243,Sudabeh Mortezai
2244,Richard Shepard
2245,Mike Diva
2246,Akiva Schaffer
2247,Trisha Ziff
2248,Diego Enrique Osorno
2249,Pedring A. Lopez
2250,Sam Cullman
2251,Francesco Imperato
2252,Stefon Bristol
2253,Kate Melville
2254,Aditya Vikram Sengupta
2255,Mandie Fletcher
2256,Aijaz Khan
2257,Gonzalo López-Gallego
2258,Abby Epstein
2259,Hepi Mita
2260,Che Sandoval
2261,Jean-Bernard Marlin
2262,Yee Tung-Shing
2263,Yen Cheng-kuo
2264,Alex Parkinson
2265,Richard da Costa
2266,Frant Gwo
2267,Hao Wu
2268,Felipe Cano
2269,Gabriela Tagliavini
2270,Lee Jeong-beom
2271,William Bindley
2272,Manav Shah
2273,Michael Epstein
2274,Rachel Lears
2275,Syamsul Yusof
2276,Mangesh Kanthale
2277,Herman Yau
2278,Dar Gai
2279,Sathyan Anthikad
2280,Brian Oakes
2281,Bille August
2282,Fab Five Freddie
2283,Sandra Restrepo
2284,Sarthak Dasgupta
2285,Jennifer Kaytin Robinson
2286,Renato De Maria
2287,Alan Rickman
2288,Ulises Valencia
2289,Beyoncé Knowles-Carter
2290,Richard Curtis
2291,Suparn Verma
2292,Anant Balani
2293,Soukarya Ghosal
2294,Leena Yadav
2295,Amitabha Singh
2296,Hasan Karacadağ
2297,Chris Nelson
2298,Lee Kyoungmi
2299,Yim Pilsung
2300,Jeon Go-woon
2301,Kim Jong-kwan
2302,John R. Leonetti
2303,Jeremiah Jones
2304,Brie Larson
2305,Anggy Umbara
2306,Shelly Chopra Dhar
2307,Shanjey Kumar Perumal
2308,Tianyu Zhao
2309,Shazia Ali Khan
2310,Erik White
2311,Owen Egerton
2312,"Sam ""Blitz"" Bazawule"
2313,Swapnaneel Jayakar
2314,Kyzza Terrazas
2315,John Lee Hancock
2316,Theo Love
2317,Awi Suryadi
2318,Raj Babu
2319,Javier Ruiz Caldera
2320,Chanon Yingyong
2321,Phuwanit Pholdee
2322,Stuart Sender
2323,Wenn V. Deramas
2324,Joyce Bernal
2325,Maryo J. De los Reyes
2326,Karan Shivajirao Chavan
2327,Vikram Tanajirao Patil
2328,Amy Schumer
2329,Richard Loncraine
2330,Pia Sukanya
2331,Yann Gozlan
2332,Lukas Dhont
2333,Matthew McNeil
2334,Frank W Chen
2335,Olivia M. Lamasan
2336,J.C. Chandor
2337,Brian Klein
2338,Ibrahim Bin Mohamed
2339,Hasan Aljaberi
2340,Clark Johnson
2341,Emmanuel Mouret
2342,Conor Allyn
2343,Nuel Naval
2344,Keoni Waxman
2345,Isao Yukisada
2346,A.R. Murugadoss
2347,Fritz Ofner
2348,Nottapon Boonprakob
2349,Xavier Gens
2350,Jonathan A. Rosenbaum
2351,Franck Phelizon
2352,Peter Howitt
2353,Chiwetel Ejiofor
2354,Rodrigo Salomón
2355,Pietro Scappini
2356,Miguel Ángel Vivas
2357,Carlos Vermut
2358,Sridhar Rangayan
2359,Michael Blieden
2360,Pawan K Shrivastava
2361,Mar Targarona
2362,Aruna Raje
2363,Alex Lehmann
2364,Elisabeth Vogler
2365,Parambrata Chatterjee
2366,Woo Min-ho
2367,Paul Miller
2368,Michael Del Monte
2369,Suseenthiran
2370,Kevin MacDonald
2371,Matt Tyrnauer
2372,Prasanth Varma
2373,Gangadhar Salimath
2374,Daniel J. Clark
2375,Marcelo Galvão
2376,Shanawaz Nellikunnil
2377,Lars Kaalund
2378,Hari Nath
2379,Tanuja Chandra
2380,Jackie van Beek
2381,Madeleine Sami
2382,Sachin Kamlakar Khot
2383,Daniel Monzón
2384,Rayka Zehtabchi
2385,Tom Stern
2386,Kelly Duane de la Vega
2387,Julio Medem
2388,Johnny Kevorkian
2389,Amshan Kumar
2390,Adam Davis
2391,Jerry Kolber
2392,Trey Nelson
2393,Erich Sturm
2394,Rick Morales
2395,Michael D. Black
2396,Dan Gilroy
2397,Mamat Khalid
2398,Amarjit Virdi
2399,Nishil Sheth
2400,Byun Hyuk
2401,Zoe Berriatúa
2402,Adam Bhala Lough
2403,Faozan Rizal
2404,Mansore
2405,Kuntz Agus
2406,Meisa Felaroze
2407,Jerrold Tarog
2408,Laura Alvea
2409,José Ortuño
2410,Gastón Duprat
2411,Andy Caballero
2412,Diego Corsini
2413,Seren Yüce
2414,Jonathan Helpert
2415,André D'Elia
2416,Skye Borgman
2417,Hashim Nadeem Khan
2418,Feroz
2419,Syed Atif Ali
2420,Lee Seung-won
2421,Rik Reinholdtsen
2422,Gauravv K Chawla
2423,Bent-Jorgen Perlmutt
2424,Hugo Stuven
2425,Greg Pritikin
2426,Kobun Shizuno
2427,Hiroyuki Seshita
2428,Kunal Kohli
2429,Noor Imran Mithu
2430,Nonzee Nimibutr
2431,Ísold Uggadóttir
2432,Lorena Munoz
2433,Genevieve Nnaji
2434,Terry Gilliam
2435,Terry Jones
2436,Yanyong Kuruaungkoul
2437,Lenin Bharathi
2438,Ranjit Jeyakodi
2439,Ram
2440,John Fortenberry
2441,Chris Bould
2442,Kevin Booth
2443,David Johndrow
2444,Paul M. Green
2445,Julio Fernández Talamantes
2446,Walter C. Miller
2447,Noriyuki Abe
2448,Ellen Brown
2449,Matt Askem
2450,Rob Zombie
2451,Álvaro Brechner
2452,Rakesh Mehta
2453,Eduardo Chauvet
2454,Gonzalo Bendala
2455,Noam Murro
2456,Kheiron
2457,Susanne Bier
2458,Irek Dobrowolski
2459,Gilbert Chan
2460,Rarecho
2461,Steve Cheng
2462,Sam Loh
2463,Jason Lai
2464,Samit Kakkad
2465,Tig Notaro
2466,Prasobh Vijayan
2467,Sriram Raghavan
2468,Elaine Bogan
2469,John Sanford
2470,Michael Cuesta
2471,David Cronenberg
2472,Thom Zimny
2473,James Marsh
2474,Sean Olson
2475,Sigrid Andrea Bernardo
2476,Guillermo de Oliveira
2477,Manoj Beedha
2478,Alfonso Cuarón
2479,John Hoffman
2480,Nanfu Wang
2481,Marco Risi
2482,Anne Fletcher
2483,Marek Losey
2484,Andy Serkis
2485,Mat King
2486,Bert Marcus
2487,Ahsan Rahim
2488,Andrew Lau Wai-Keung
2489,Cheang Pou Soi
2490,Enrique García Meza
2491,Katarina Launing
2492,Johnnie To
2493,Lawrence Cheng
2494,Prakash Balwant Saini
2495,Nam Ron
2496,Baljit Singh Deo
2497,Leung Lok Man
2498,Luk Kim-ching
2499,Jazz Boon
2500,Felix Chong
2501,Dhanush
2502,Gary Mak
2503,Liu Jiang
2504,Joseduardo Giordano
2505,Sergio Goyri Jr.
2506,Alice Rohrwacher
2507,Nandita Das
2508,Romain Gavras
2509,Sebastián Hofmann
2510,Denny Lu
2511,Mike Myhre
2512,Clay Kaytis
2513,Fernando Colomo
2514,Robert Vince
2515,Raditya Dika
2516,David Paul Meyer
2517,Daniel Goldhaber
2518,Fred Cavayé
2519,V C Abhilash
2520,Nila Madhab Panda
2521,Timo Tjahjanto
2522,Nakul Singh Sawhney
2523,Nishanth Ravindaran
2524,Jathin Sanker Raj
2525,Swapna Waghmare Joshi
2526,Erik Matti
2527,Christopher Guest
2528,Vincent Kok
2529,Christian Zübert
2530,David Mackenzie
2531,Tejas Prabha Vijay Deoskar
2532,Matheus Souza
2533,Sara Dosa
2534,Bradley Walsh
2535,Orson Welles
2536,Morgan Neville
2537,Indrajit Nattoji
2538,Raj Kumar Gupta
2539,Remo D'Souza
2540,Arnab Chaudhuri
2541,Rana Ranbir
2542,Kookie V. Gulati
2543,Vivek Agnihotri
2544,Habib Faisal
2545,Bobby Roth
2546,Halder Gomes
2547,Amitoj Mann
2548,B. Unnikrishnan
2549,Madhur Bhandarkar
2550,Sajid Khan
2551,Saji Surendran
2552,Ksshitij Chaudhary
2553,Sundar C.
2554,Gary Binkow
2555,Nikhil Advani
2556,Navinder Pal Singh
2557,Kunal Deshmukh
2558,R. Kannan
2559,Gaurav Narayanan
2560,Kevin Layne
2561,Jennifer M. Kroot
2562,Akin Omotoso
2563,Dani de la Torre
2564,Tinge Krishnan
2565,Aleksey German
2566,Sergio Barrejón
2567,Sandi Tan
2568,Vijay Yelakanti
2569,S.S. Rajamouli
2570,Joanna Lombardi
2571,Bruno Ascenzo
2572,Kim Jee-woon
2573,Rajesh Touchriver
2574,David Lam
2575,Thiru
2576,Tom Forrest
2577,Anik Datta
2578,Shaad Ali
2579,Gareth Evans
2580,Paul Urkijo Alijo
2581,Johanna Demetrakas
2582,Padraic McKinley
2583,Rizal Mantovani
2584,Rusty Cundieff
2585,Darin Scott
2586,Kabir Bhatia
2587,Chris Eigeman
2588,Olaf de Fleur
2589,Tamara Jenkins
2590,Kavi Raz
2591,Nick Simon
2592,Eric Idle
2593,Aubrey Powell
2594,Anthony Giordano
2595,Will Yapp
2596,Terry Hughes
2597,Ian MacNaughton
2598,Roger Graef
2599,James Rogan
2600,Albert Sharpe
2601,Simranjit Singh Hundal
2602,N. Linguswamy
2603,Deep Joshi
2604,Manjeet Maan
2605,Shagufta Rafique
2606,Tinu Pappachan
2607,Amarpreet G S Chabbra
2608,Paresh Mokashi
2609,Rohit Jugraj
2610,Atharv Baluja
2611,Vishal Bhardwaj
2612,Puneet Sira
2613,Aziz Mirza
2614,Sameer Sharma
2615,Chandan Arora
2616,Rajan Madhav
2617,Raaghav Dar
2618,Ishi Rudell
2619,David Lee Miller
2620,Amit Saxena
2621,Jaivi Dhanda
2622,Suman Ghosh
2623,Kabir Khan
2624,Akshay Akkineni
2625,Nidhi Sharma
2626,Vipin Parashar
2627,Vikram Pradhan
2628,Vijay
2629,Sartaj Singh Pannu
2630,Ayaan Mukherji
2631,Sidharth Malhotra
2632,Saket Behl
2633,Anjum Shahzad
2634,Ken Kwapis
2635,Monique Gardenberg
2636,Han Yan
2637,Jeremy Saulnier
2638,Kim A. Snyder
2639,Álvaro Longoria
2640,Anthony Byrne
2641,Rashida Jones
2642,Alan Hicks
2643,Ariel Vromen
2644,Nicole Holofcener
2645,Alessio Cremonini
2646,Joram Lürsen
2647,Madeleine Gavin
2648,Kevin R. Adams
2649,Joe Ksander
2650,Ian Samuels
2651,Franck Ribière
2652,Peter Ho
2653,Qaushiq Mukherjee
2654,Onir
2655,Jatla Siddartha
2656,Kanwal Sethi
2657,Samuel Jouy
2658,Shivam Nair
2659,Jordan Brady
2660,Todd Biermann
2661,Patrick Graham
2662,Mike Clattenburg
2663,Han Qing
2664,Atlee Kumar
2665,Ravi Udyawar
2666,R. Balki
2667,Shree Narayan Singh
2668,Manuel Martín Cuenca
2669,Susan Johnson
2670,Y. Joon Chung
2671,Rucha Humnabadkar
2672,Mike Newell
2673,Jake Szymanski
2674,Abhishek Varman
2675,Sabir Khan
2676,Nikhil Nagesh Bhat
2677,Xiaoxing Yi
2678,Yoshitaka Takeuchi
2679,Haoling Li
2680,Lauren Miller Rogen
2681,Nitesh Tiwari
2682,Khalid Mohamed
2683,Sanjay Leela Bhansali
2684,Prem Soni
2685,Prabhu Deva
2686,Mandeep Kumar
2687,Jesse Handsher
2688,Olivier Roland
2689,Pablo Giorgelli
2690,Ted Emery
2691,Tony Datis
2692,Raúl Campos
2693,Jan Suter
2694,Ben Young
2695,Kirby Dick
2696,Chris Jenkins
2697,Diego Cohen
2698,Lee Eung-bok
2699,Jody Hill
2700,Samu Fuentes
2701,Alexandre Espigares
2702,Scott L. Montoya
2703,Sam Voutas
2704,Raj Kaushal
2705,K.C. Bokadia
2706,Samir Soni
2707,Juan Antonio de la Riva
2708,Cyrus Saidi
2709,Shlok Sharma
2710,Yayo Herrero
2711,Matt Palmer
2712,Rodrigo Triana
2713,Federico D'Alessandro
2714,Seiji Mizushima
2715,Myriam Aziza
2716,Gerard Barrett
2717,Rene Liu
2718,Jon Olb
2719,Oded Raz
2720,Mariana Tschudi
2721,Héctor Gálvez
2722,Ramón Salazar
2723,Eduardo Mendoza de Echave
2724,Craig Johnson
2725,Jeffrey Walker
2726,Shadab Khan
2727,Nattawut Poonpiriya
2728,Felix Starck
2729,Norberto López Amado
2730,Alex Richanbach
2731,Brit McAdams
2732,Mercedes Cordova
2733,Hayao Miyazaki
2734,Anthony Abrams
2735,Adam Larson Broder
2736,Trey Borzillieri
2737,Barbara Schroeder
2738,Bobcat Goldthwait
2739,Dani Levy
2740,Sonny Mallhi
2741,Andrew Niccol
2742,Isabelle Nanty
2743,Rob Epstein
2744,Jeffrey Friedman
2745,Antonio Morabito
2746,Rene Bueno
2747,John Woo
2748,Patricia Ferreira
2749,Jimmy Henderson
2750,Devashish Makhija
2751,Amal Neerad
2752,Fluvio Iannuci
2753,Roly Santos
2754,Julius R. Nasso
2755,Lucas Figueroa
2756,Alfonso Rodríguez
2757,Guillermo Garcia
2758,David Cantolla
2759,Dito Montiel
2760,Vicente Villanueva
2761,Amit Roy
2762,Teddy Lussi-Modeste
2763,Dawn Porter
2764,Ben Shelton
2765,Curro Velázquez
2766,Robert Smigel
2767,Max Amini
2768,Jason Sussberg
2769,David Alvarado
2770,Célia Catunda
2771,Kiko Mistrorigo
2772,Rodrigo Eba
2773,Sang-ho Yeon
2774,Andy Fickman
2775,Olivia Milch
2776,David Sington
2777,Heather Walsh
2778,Pedro Coutinho
2779,Joshua Marston
2780,Eleonore Pourriat
2781,Peter Webber
2782,Peter Orton
2783,Marja Lewis Ryan
2784,Ryan Koo
2785,Hatem Khraiche
2786,Derek Peck
2787,Jennifer Morrison
2788,Hèctor Hernández Vicens
2789,Kader Aoun
2790,Abhay Chopra
2791,Diego Lerman
2792,Farah Khan
2793,Ananda Krishnan
2794,Amol Palekar
2795,Joe Miale
2796,Olivia Newman
2797,Jared Stern
2798,Lennart Ruff
2799,Dan Lucchesi
2800,Mijke de Jong
2801,Daryl Hannah
2802,Michael Larnell
2803,Advait Chandan
2804,Brandon Camp
2805,Alison Klayman
2806,Yoo Byung-jae
2807,Sunao Katabuchi
2808,Johan Brisinger
2809,Maria Sadowska
2810,Yang Woo-seok
2811,John L. Spencer
2812,Victor Cook
2813,Kazuya Murata
2814,Martin Zandvliet
2815,Uraaz Bahl
2816,Rick Benattar
2817,Ben Wallis
2818,Robin Aubert
2819,Mitch Gould
2820,Lars Büchel
2821,Amit Barot
2822,Carlo Padial
2823,Milind Dhaimade
2824,Hong-seon Kim
2825,Duncan Jones
2826,Hang-Jun Jang
2827,Fumihiko Sori
2828,Mariano Baez
2829,Stephanie Laing
2830,Anand Tiwari
2831,Roberta Grossman
2832,Sophie Sartain
2833,David Bruckner
2834,Tamta Gabrichidze
2835,Ari Sandel
2836,Julius Onah
2837,Ildiko Enyedi
2838,You-Jeong Chang
2839,Dan Forrer
2840,Selima Taibi
2841,Marty Callner
2842,Javier Ambrossi
2843,Javier Calvo
2844,David Wain
2845,Isaac Florentine
2846,Scott Moran
2847,Santiago Diaz
2848,Pablo Martin Farina
2849,Charles Stone III
2850,Matt Angel
2851,Suzanne Coote
2852,Chris Baugh
2853,Latif Faiziyev
2854,Umesh Mehra
2855,Rajiv Mehra
2856,Rhiannon Bannenberg
2857,David Mrnka
2858,Maya Forbes
2859,Choi Jin-seong
2860,Milind Rau
2861,Craig Elrod
2862,Jose Manuel Colón
2863,Yasuhiro Irie
2864,Alethea Jones
2865,Jay Baruchel
2866,Ludovic Bernard
2867,Noël Wells
2868,Patrick Brice
2869,Daniel Kontur
2870,Diego Kaplan
2871,Marco Deufemia
2872,Lydia Tenaglia
2873,Varun Narvekar
2874,Seth Henrikson
2875,Benson Lee
2876,Drew Heriot
2877,Joel Crawford
2878,Michael Barrett
2879,Evan Spiridellis
2880,Jeff Gill
2881,Leopoldo Aguilar
2882,Nana Ekvtimishvili
2883,Simon Gross
2884,Olivier Jean-Marie
2885,Myles Kane
2886,Josh Koury
2887,Shreyas Talpade
2888,Jon Alpert
2889,Ibai Abad
2890,Jim Gable
2891,Josh Wakely
2892,Jacob Kornbluth
2893,Alain Desrochers
2894,Go Koga
2895,Christian Charles
2896,Bronwen Hughes
2897,John Ridley
2898,Pali Yahya
2899,Alo Sarkar
2900,Iñaki Dorronsoro
2901,Ali Bin Matar
2902,Ali Samadi Ahadi
2903,D Ho
2904,Judah Friedlander
2905,Errol Morris
2906,Alex Israel
2907,Griffin Dunne
2908,Katherine Dieckmann
2909,Heidi Ewing
2910,Rachel Grady
2911,Jeremy Rush
2912,Reem Kherici
2913,Ranjit Tiwari
2914,David Stubbs
2915,Shakti Samanta
2916,Mahmoud al Massad
2917,Yesim Ustaoglu
2918,Lucy Cohen
2919,Mahmoud Sabbagh
2920,Borja Cobeaga
2921,David France
2922,Brandon Jones
2923,Geun-hyun Cho
2924,Carlos Therón
2925,Francesco Carrozzini
2926,Karen J. Lloyd
2927,Vibeke Idsøe
2928,Carlos Algara
2929,Alejandro Martinez-Beltran
2930,Jacob LaMendola
2931,Ritesh Batra
2932,Dylan Howitt
2933,Nabil Ayouch
2934,Louis J. Horvitz
2935,Warren P. Sonoda
2936,Álex de la Iglesia
2937,Chris Moukarbel
2938,Ana Lily Amirpour
2939,Michael Bonfiglio
2940,Yance Ford
2941,Fernando Lebrija
2942,Rodrigo Toro
2943,Francisco Schultz
2944,José Miguel Contreras
2945,Toshiyuki Kubooka
2946,Todd S. Yellin
2947,Mohammed Hussain
2948,Eli Craig
2949,Shammi Kapoor
2950,Florian Schnell
2951,Josh Izenberg
2952,Wynn Padula
2953,Mariano Cohn
2954,Gary Wang
2955,Raz Degan
2956,Israel Adrián Caetano
2957,Sarah Adina Smith
2958,Cate Shortland
2959,Adam Wingard
2960,Daniel Lindsay
2961,T.J. Martin
2962,Tommy Wirkola
2963,Jean-Claude La Marre
2964,Jorge Hernandez Aldana
2965,Will Canon
2966,Rob Silvestri
2967,Matthias Hoene
2968,Bryan Fogel
2969,Fabrice Du Welz
2970,John Butler
2971,Ali Scher
2972,Maz Jobrani
2973,Isaac Rentz
2974,Christopher Murray
2975,Claude Lelouch
2976,Vanessa Roth
2977,Jim Strouse
2978,Kasper Collin
2979,Fazila Allana
2980,Eric Abrams
2981,Agustí Villaronga
2982,Harry Chaskin
2983,Marti Noxon
2984,Stefan Brogren
2985,Pat Healy
2986,Nicolas Brossette
2987,Serdar Akar
2988,Lekh Tandon
2989,Doesjka van Hoogdalem
2990,Sushil Majumdar
2991,Geetu Mohandas
2992,Paulo Oriol
2993,Oskar Santos
2994,Bill D'Elia
2995,Brian Knappenberger
2996,Brent Bonacorso
2997,Roy Burdine
2998,Johnny Castuciano
2999,Jay Bulger
3000,Kip Andersen
3001,Keegan Kuhn
3002,Iginio Straffi
3003,Arun Chidambaram
3004,Caio Cobra
3005,Cal Seville
3006,Michael John Warren
3007,Chang-Min Lee
3008,Oren Uziel
3009,Manika Sharma
3010,Kimo Stamboel
3011,Jun-seong Kim
3012,Edward Cotterill
3013,Onur Tukel
3014,Jayaprakash Radhakrishnan
3015,Rob Meyer
3016,Anita Barbosa
3017,Ketan Mehta
3018,Daniel Wilner
3019,Alberto Rodríguez
3020,Joe Piscatella
3021,Rahul Dholakia
3022,Jean-Patrick Benes
3023,Lygia Barbosa da Silva
3024,Eliane Brum
3025,Kundan Shah
3026,So Yong Kim
3027,Alina Teodorescu
3028,Filip Renc
3029,Dylan Bank
3030,Daniel DiMauro
3031,Morgan Pehme
3032,Sean Foley
3033,Pierre Coré
3034,Liz Plonka
3035,Jeff Garlin
3036,Michael Barnett
3037,Jessica Yu
3038,K. Rajagopal
3039,Praveen Nischol
3040,Lucien Jean-Baptiste
3041,Sean Cisterna
3042,Sudhanshu Saria
3043,Dilip Mehta
3044,Isaki Lacuesta
3045,Isa Campo
3046,Kitty Green
3047,Evan Katz
3048,Gauri Shinde
3049,Oliver Schmitz
3050,Felix Herngren
3051,Måns Herngren
3052,Jill Bauer
3053,Ronna Gradus
3054,Fernando Coimbra
3055,Adam Leon
3056,Andrea Molaioli
3057,Marie Madinier
3058,Miguel Ángel Lamata
3059,Steven Brill
3060,Antonio Serrano
3061,Grant S. Johnson
3062,Ippsie Jones
3063,Joe Swanberg
3064,Louis C.K.
3065,Alexandre Reinecke
3066,Jamal Hill
3067,K. Ramanlal
3068,Maris Curran
3069,Avinash Arun
3070,Jason Spingarn-Koff
3071,A. Salaam
3072,Eduardo Casanova
3073,Daniel Burman
3074,Kike Maíllo
3075,Laurent Bouzereau
3076,Gordon Anderson
3077,Charlie McDowell
3078,Meghan O'Hara
3079,Tommy O'Haver
3080,Lonny Price
3081,Sydney Freeland
3082,Jung-woo Park
3083,James Ivory
3084,Santosh Sivan
3085,Erik Canuel
3086,Peter Middleton
3087,James Spinney
3088,Shashilal K. Nair
3089,Marcel Barrena
3090,Gerard McMurray
3091,Selvamani Selvaraj
3092,Mike Birbiglia
3093,Lô Politi
3094,Tomas Portella
3095,Macon Blair
3096,Juan Pablo Buscarini
3097,Thomas Stuber
3098,Scot McFadyen
3099,Raúl Arévalo
3100,Matías Bize
3101,Michael Paul Stephenson
3102,Colin Dench
3103,Ricky Gervais
3104,Joachim Fest
3105,Christian Herrendoerfer
3106,Malik Vitthal
3107,Joaquín Mazón
3108,Jonás Trueba
3109,Peter DeLuise
3110,Alejandra Márquez Abella
3111,Sébastien Betbeder
3112,Adam Randall
3113,Marco Dutra
3114,Mario Rouleau
3115,Aniruddha Roy Chowdhury
3116,Chester Tam
3117,Hannes Stöhr
3118,Andreas Prochaska
3119,Maximilian Erlenwein
3120,Burhan Qurbani
3121,Hubert Woroniecki
3122,Alistair Legrand
3123,Mir-Jean Bou Chaaya
3124,Jeannie Gaffigan
3125,Babak Anvari
3126,Emily Hagins
3127,Greg Richardson
3128,Uwe Boll
3129,Mitch Schauer
3130,Rohit Mittal
3131,Steve Hickner
3132,Diego Luna
3133,Jorge Michel Grau
3134,Riki Lindhome
3135,Jeremy Konner
3136,Vikram Gandhi
3137,Sean Hanish
3138,Sinan Akkuş
3139,Matt Bell
3140,James Hawes
3141,Elite Zexer
3142,James Yukich
3143,Nic Mathieu
3144,Chris Kelly
3145,Roman Gackowski
3146,Benjamin Dickinson
3147,Sacha Wolff
3148,Adam Nimoy
3149,Elizabeth Wood
3150,Robert McCullough Jr.
3151,Shrihari Sathe
3152,Ralph Macchio
3153,Ricardo Maldonado
3154,Vetrimaaran
3155,Linas Phillips
3156,Jeff Margolis
3157,Bauddhayan Mukherji
3158,María Jose Cuevas
3159,Chris Sparling
3160,Raúl Campos Delgado
3161,Michelle Caputo
3162,Volker Weicker
3163,Manjeet Singh
3164,Lorene Machado
3165,Richard Ladkani
3166,Richard Mears
3167,Moto Sakakibara
3168,Emilio Martínez Lázaro
3169,Osgood Perkins
3170,Werner Herzog
3171,Julien Rambaldi
3172,Yvan Attal
3173,Benjamin Weill
3174,Roger Gual
3175,Thomas Sorriaux
3176,Clovis Cornillac
3177,Jonathan Demme
3178,Dave Higby
3179,Richie Smyth
3180,Riccardo Pilizzeri
3181,Guilherme Fontes
3182,Aamir Bashir
3183,David Schalko
3184,Pieter Kuijpers
3185,Prashant Nair
3186,Paul Taublieb
3187,Jon Freeman
3188,Riccardo Milani
3189,Rod Blackhurst
3190,Brian McGinn
3191,Tony Elliott
3192,Dan Krauss
3193,Christopher Louie
3194,Justin Krook
3195,Michael Drumm
3196,Alex Coletti
3197,John Smithson
3198,Christopher Martin
3199,Tom Whitter
3200,Sian Heder
3201,Karl Mueller
3202,Allan Ungar
3203,Hemant Gaba
3204,Pratim D. Gupta
3205,Sudhish Kamath
3206,Nalan Kumarasamy
3207,Anu Menon
3208,Sandeep Mohan
3209,Rajshree Ojha
3210,Raja Sen
3211,Abhinav Shiv Tiwari
3212,Rob Burnett
3213,Jon Greenhalgh
3214,Felix Van Groeningen
3215,Felix van Groeningen
3216,Rodolphe Guenoden
3217,Jason Krawczyk
3218,Sophie Robinson
3219,Lotje Sodderland
3220,John Lee
3221,Yuen Wo-Ping
3222,Alik Sakharov
3223,L. Frazier
3224,Frank Coraci
3225,Kristin Hanggi
3226,J. Davis
3227,Jennifer Lee
3228,Patrick Osborne
3229,Lauren MacMullan
3230,John Kahrs
3231,Nathan Greno
3232,Byron Howard
3233,Stevie Wermers
3234,Dean Wellins
3235,Kevin Deters
3236,Roger Allers
3237,Mike Gabriel
3238,Mark Henn
3239,Andrew Bujalski
3240,Adam Dubin
3241,Cary Joji Fukunaga
3242,Aaron Hann
3243,Mario Miscione
3244,Evgeny Afineevsky
3245,Kristina Goolsby
3246,Ashley York
3247,Phil Joanou
3248,Anthony Pierce
3249,Jennifer Phang
3250,Mike Fleiss
3251,Aziz Ansari
3252,David Sampliner
3253,Katy Chevigny
3254,Wyatt Cenac
3255,Luis Lopez
3256,Clay Tweel
3257,Robert Nixon
3258,Fisher Stevens
3259,Greg Whiteley
3260,Jason Moore
3261,Josh Greenbaum
3262,Will Lovelace
3263,Dylan Southern
3264,Constance Marks
3265,Larry Elikann
3266,Robert Markowitz
3267,Eric Laneuville
3268,Joel Oliansky
3269,Roy Campanella II
3270,Arthur Allan Seidelman
3271,John Herzfeld
3272,Buzz Kulik
3273,Richard Michaels
3274,Linda Otto
3275,Roger Young
3276,Rob LaDuca
3277,Robert C. Ramirez
3278,Icíar Bollaín
3279,Joe Dante
3280,Ole Bornedal
3281,Sorin Dan Mihalcescu
3282,Shane Acker
3283,Kevin Reynolds
3284,Shravan Kumar
3285,Vijay Milton
3286,Santwana Bardoloi
3287,Atanu Ghosh
3288,Lyric R. Cabral
3289,David Felix Sutcliffe
3290,Michael Margolis
3291,Michael Kennedy
3292,Óskar Thór Axelsson
3293,Karyn Kusama
3294,Adam Deyoe
3295,Leif Tilden
3296,Melinda Janko
3297,Sam Upton
3298,Victor Zarcoff
3299,Daniel Stamm
3300,Daniel Lee
3301,Scott Hussion
3302,Seth Fuller
3303,Richard Donner
3304,Burr Steers
3305,David Marmor
3306,Raymond Wood
3307,Hasraf Dulull
3308,Mike Mills
3309,Jon Lucas
3310,Scott Moore
3311,Joey Curtis
3312,Brian Smrz
3313,Nicanor Loreti
3314,Simon Napier-Bell
3315,Betty Thomas
3316,Gaby Dellal
3317,Iman Brotoseno
3318,Shazia Javed
3319,Hani Hamdi
3320,Ruben Fleischer
3321,Maciej Dejczer
3322,Jack C. Newell
3323,Andrew Nackman
3324,Victor Levin
3325,Jonathan Levine
3326,Toa Fraser
3327,Bharat Jain
3328,Trent Haaga
3329,Nizar Shafi
3330,Meenu Gaur
3331,Farjad Nabi
3332,Padmakumar Narasimhamurthy
3333,Richard Attenborough
3334,Stanley Kubrick
3335,Stephen Gyllenhaal
3336,Tom Fassaert
3337,Mark Williams
3338,Roman Coppola
3339,Erik Nelson
3340,Teo Konuralp
3341,Jim Fall
3342,Andy Goddard
3343,Chris Bell
3344,Christopher S. Rech
3345,Brandon Kimber
3346,Michael Lennox
3347,Kees Van Oostrum
3348,Henry Sarwer-Foner
3349,Ishaan Trivedi
3350,Asghar Farhadi
3351,Maria Burton
3352,Natalie Portman
3353,Martin Lawrence
3354,Adam Shankman
3355,Gregory Caruso
3356,Rusty Nixon
3357,Oliver Daly
3358,Midhun Manuel Thomas
3359,Chandrakant Kulkarni
3360,Uttung Shelar
3361,Seung-uk Jo
3362,Chad Van De Keere
3363,Daniela Goggi
3364,Alfonso Serrano Maturino
3365,Julien Christian Lutz
3366,Julie Taymor
3367,Mike McCoy
3368,Scott Waugh
3369,Brett Donowho
3370,Thierry Donard
3371,Anne Fontaine
3372,Sandeep Chatterjee
3373,Kyle Rideout
3374,Bryce Wagoner
3375,Brittany Andrews
3376,Nicolás López
3377,Terry Loane
3378,Biswajeet Bora
3379,Castille Landon
3380,Gervasio Iglesias
3381,J. Michael Long
3382,Susan Glatzer
3383,Eva Vives
3384,Don Bluth
3385,Gary Goldman
3386,Dan Kuenster
3387,Víctor García
3388,Charlie Vaughn
3389,Chris Blake
3390,Matthew Hope
3391,Vincent Perez
3392,Lee Tamahori
3393,Richard Rich
3394,Greg Kohs
3395,Trey Haley
3396,Atul Malhotra
3397,Manmohan Desai
3398,Khaled Youssef
3399,Charlie Siskel
3400,Sam Mendes
3401,Brendon Marotta
3402,Barak Goodman
3403,Sharon Grimberg
3404,Mark Zwonitzer
3405,Wilson Coneybeare
3406,Sarik Andreasyan
3407,Tony Kaye
3408,Andrea Arnold
3409,Nick Davis
3410,Jerry G. Angelo
3411,Asif Kapadia
3412,Karan Bali
3413,Phil Nibbelink
3414,Simon Wells
3415,Larry Latham
3416,Perry Lang
3417,Ismail Farouk
3418,Avinash Das
3419,Carlos Marques-Marcet
3420,Tim Blake Nelson
3421,Luis Mandoki
3422,Pan Nalin
3423,Sohail Tatari
3424,Paul Serafini
3425,Juan Zapata
3426,Sherif Ismail
3427,Ken Barbet
3428,Manish Jha
3429,David Salzberg
3430,Christian Tureaud
3431,J.F. Musial
3432,Josh Vietze
3433,Christian Desmares
3434,Franck Ekinci
3435,Christopher Chambers
3436,Khaled El Halafawy
3437,Nia Dinata
3438,Jason Winer
3439,Sarah Smith
3440,James L. Brooks
3441,John Murlowski
3442,Sung-soo Kim
3443,Mike Nicoll
3444,Jason Stone
3445,Mez Tharatorn
3446,David Morris
3447,Jacqui Morris
3448,Fabrizio Copano
3449,Augusto Matte
3450,Mike Rossiter
3451,Gabe Ibáñez
3452,Anthony Russo
3453,Joe Russo
3454,Levan Tsikurishvili
3455,Ajay Bahl
3456,Çagan Irmak
3457,Alejandro G. Iñárritu
3458,Shikha Makan
3459,José Eduardo Belmonte
3460,Adam MacDonald
3461,Dave Patten
3462,Michael Petroni
3463,David Chirchirillo
3464,Salima Koroma
3465,Sumitra Bhave
3466,Sunil Sukthankar
3467,Justin Lee
3468,Phil Weinstein
3469,Haissam Hussain
3470,Zoe Lister-Jones
3471,Aaron Nee
3472,Adam Nee
3473,Tanit Jitnukul
3474,Manop Janjarasskul
3475,Adisorn Tresirikasem
3476,Jordi Llompart
3477,Raja Menon
3478,Matthew Salleh
3479,Adam Wood
3480,Zeke Norton
3481,Andrew Tan
3482,Michael Goguen
3483,William Lau
3484,Ezekiel Norton
3485,Kyle Newman
3486,Esteban Vidal
3487,Dava Whisenant
3488,Hrishikesh Mukherjee
3489,Sagar Sarhadi
3490,Lilibet Foster
3491,Joshua Caldwell
3492,Volker Arzt
3493,Angelika Sigl
3494,Mel Smith
3495,Mike Judge
3496,Bruce W. Smith
3497,Agasyah Karim
3498,Khalid Kashogi
3499,Julian Jarrold
3500,Keiko Yagi
3501,Katherine Fairfax Wright
3502,Rajeev Chaudhari
3503,Anthony Wonke
3504,April Mullen
3505,Adam Marino
3506,Joe Camp
3507,Tamer Bassiouni
3508,Ted Braun
3509,Dharmesh Darshan
3510,Sushrut Jain
3511,Majid Majidi
3512,Jasbir Bijendra Bhati
3513,Joey Kern
3514,Scott Martin
3515,Kaspar Astrup Schröder
3516,Nick Broomfield
3517,Stephen Daldry
3518,Vonda Harrell
3519,Daniel Camenisch
3520,Indrasis Acharya
3521,Gajendra Ahire
3522,Viju Mane
3523,Girish Mohite
3524,Ravi Jadhav
3525,Emanuel Hoss-Desmarais
3526,Marianna Palka
3527,Ham Tran
3528,Miguel Conde
3529,Supavitra Babul
3530,Mark Harris
3531,Jesse Gustafson
3532,Martin Hodara
3533,Gabriela Cowperthwaite
3534,Daniel Alfredson
3535,Ethan Hawke
3536,Ben Younger
3537,Deane Taylor
3538,July Hygreck
3539,Jean-François Richet
3540,Ted Demme
3541,Abdellatif Kechiche
3542,Woody Allen
3543,Lev L. Spiro
3544,Derek Cianfrance
3545,Jeremy Kenyon Lockyer Corbell
3546,Jay Surridge
3547,Elvira Lind
3548,Raj Kapoor
3549,Gabriel Clarke
3550,Torquil Jones
3551,Brendan Byrne
3552,Geoffrey Orthwein
3553,Andrew Sullivan
3554,Chris Williams
3555,Alexandra Dean
3556,Jelle de Jonge
3557,Arthur Penn
3558,Kaizad Gustad
3559,Gary Cohen
3560,Ross Hockrow
3561,Gayane Petrosyan
3562,Richard Sears
3563,Alê Abreu
3564,Chris Stokes
3565,Michael Doneger
3566,Cecilia Peck
3567,Jody Lambert
3568,Simon Baker
3569,Rian Johnson
3570,Robert Adetuyi
3571,Lu Yang
3572,Vivieno Caldinelli
3573,Mike Wiluan
3574,Andreas Johnsen
3575,David McCracken
3576,Steve Antin
3577,Jon Manning
3578,Lee Chang-dong
3579,Cary Murnion
3580,Jonathan Milott
3581,Daniel Mann
3582,Daniele Thompson
3583,Travis Zariwny
3584,Néstor Sánchez Sotelo
3585,Asim Abbasi
3586,Carlos Bolado
3587,Scott Marshall Smith
3588,Lisa Arnold
3589,Peter Sattler
3590,Harry Elfont
3591,Deborah Kaplan
3592,Bernard Rose
3593,Justin Pemberton
3594,Noushad
3595,Mark O'Connor
3596,Chito S. Roño
3597,Todd Haynes
3598,Brian De Palma
3599,Matt Piedmont
3600,Wong Jing
3601,Richard Brooks
3602,Aaron Hancox
3603,Michael McNamara
3604,Henrik Martin Dahlsbakken
3605,Shivendra Singh Dungarpur
3606,Nicholas Hytner
3607,Harry Baweja
3608,Aatmaram Dharne
3609,Umer Adil
3610,Arne Birkenstock
3611,Dianne Dreyer
3612,Garin Nugroho
3613,John Curran
3614,Charles A. Nichols
3615,Iwao Takamoto
3616,Jason Kwan
3617,John Scheinfeld
3618,Gurvinder Singh
3619,Asit Mohapatra
3620,Anuranjan Premji
3621,Mark Dindal
3622,Tom Holland
3623,Tan Bing
3624,Bedabrata Pain
3625,Ken Hughes
3626,Atom Egoyan
3627,Andrew Sandler
3628,Corbin Bernsen
3629,Marita Grabiak
3630,Gary Wheeler
3631,Marc Forster
3632,Mohsin Ali
3633,Katia Lund
3634,Pete Travis
3635,Nick Mead
3636,Louis Leterrier
3637,Gregory Hoblit
3638,Eric Stoltz
3639,Jack Starrett
3640,Chris Perkel
3641,John Crowley
3642,Lilly Wachowski
3643,Lana Wachowski
3644,Tom Tykwer
3645,Matt Reeves
3646,Thomas Carter
3647,Vishal Mishra
3648,Saurav Palodhi
3649,Florian Gallenberger
3650,Zack Whedon
3651,Craig Goodwill
3652,Jesse Adang
3653,Van M. Pham
3654,Gavin Fitzgerald
3655,Abdul Aziz Hashad
3656,Stuart Rosenberg
3657,Ben Steele
3658,Henry Selick
3659,Jason Bourque
3660,Micah Bickham
3661,Galley Molina
3662,Kranti Kanade
3663,Ang Lee
3664,Don Mancini
3665,Zachary Heinzerling
3666,Chandrakant Kanse
3667,Gary David Goldberg
3668,Steve Carr
3669,Amara Cash
3670,Pablo Parés
3671,Johnson Esthappan
3672,Raj Amit Kumar
3673,Jean-Marc Vallée
3674,Philipp Eichholtz
3675,Brendan Toller
3676,Agnidev Chatterjee
3677,Alexandros Avranas
3678,Prawal Raman
3679,Parveen Kumar
3680,Julie Dash
3681,Amman Abbasi
3682,Dylan Haegens
3683,Bas van Teylingen
3684,Jake Paltrow
3685,Tom Edmunds
3686,Tanveer Khan
3687,Danny J. Boyle
3688,Tanuj Bhramar
3689,Jason Priestley
3690,Neil LaBute
3691,Harrison Smith
3692,Clay Porter
3693,Ken Burns
3694,Artemis Joukowsky
3695,Dennis Iliadis
3696,Camilla Nielsson
3697,Christian Gudegast
3698,Frederick Cipoletti
3699,Sam Patton
3700,Mohamed Samy
3701,Christopher Smith
3702,Michael Feifer
3703,Saara Cantell
3704,Clay Staub
3705,Hark Tsui
3706,Ben Ryder
3707,Benoît Jacquot
3708,Chia-Liang Liu
3709,Todd Standing
3710,Benjamin Arfmann
3711,David Lean
3712,Paul Schrader
3713,Philip Marlatt
3714,Charles Martin Smith
3715,Mahin Ibrahim
3716,Austin Kolodney
3717,Will Lowell
3718,David Beier
3719,Dave Dorsey
3720,Xu Zhang
3721,Alana Waksman
3722,Jon YonKondy
3723,Drue Metz
3724,Brandon Somerhalder
3725,Troy Nixey
3726,Caradog W. James
3727,Daniel Gordon
3728,John Patrick Shanley
3729,M.J. Isakson
3730,Bo Welch
3731,Scott Mosier
3732,Yarrow Cheney
3733,Rob Cohen
3734,Colin Teague
3735,Doug Lefler
3736,Patrik Syversen
3737,Greg MacGillivray
3738,Tristan Ferland Milewski
3739,Reiner Holzemer
3740,Afia Nathaniel
3741,Eeshwar Nivas
3742,Emma Hatherley
3743,Dave Green
3744,Anthony Lucero
3745,Will Gluck
3746,Bruce Gowers
3747,Ajithkumar
3748,Harjit Singh
3749,Philipp Stölzl
3750,Federico Lemos
3751,Bassam Kurdali
3752,John Bridcut
3753,Sebastian Gutierrez
3754,Fabien Beziat
3755,Hugues Nancy
3756,Nils Tavernier
3757,Jon Spira
3758,Michael Thelin
3759,Riri Riza
3760,Neil Triffett
3761,Greg Coolidge
3762,Ajay Phansekar
3763,Denis Villeneuve
3764,Jenny Carchman
3765,Jason James
3766,Robert Clouse
3767,Kurt Wimmer
3768,Wojciech Marczewski
3769,Marcelo González
3770,Valeria Golino
3771,Robi Michael
3772,Alex Garland
3773,James Lee
3774,Stuart Baird
3775,Anders Sømme Hammer
3776,Marius Arnesen
3777,Klaus Erik Okstad
3778,Olav Njaastad
3779,Michael Whitton
3780,Joseph Mbah
3781,Benny Fine
3782,Matt Toronto
3783,Sedat Kirtan
3784,Kubilay Sarikaya
3785,Keith L. Smith
3786,Nagraj Manjule
3787,Shadi Ali
3788,Ian Barber
3789,Norman Jewison
3790,Biyi Bandele
3791,Luke Jurevicius
3792,Ari Levinson
3793,Tony Zierra
3794,James Wong
3795,David R. Ellis
3796,Gianfranco Rosi
3797,Sabal Singh Shekawat
3798,Arthur Muhammad
3799,Nirpal Bhogal
3800,Keith Malloy
3801,Andrew Renzi
3802,Gerry Blaksley
3803,Cheh Chang
3804,Marc Abraham
3805,Kang Cheng
3806,Shan Hua
3807,Asri Bendacha
3808,Juan Manuel Cotelo
3809,Mark Helenowski
3810,Kevin Pang
3811,Dean Wright
3812,Mark Murphy
3813,Richard Miron
3814,Jon Carey
3815,Adam Darke
3816,Fred M. Wilcox
3817,Maya Zinshtein
3818,Lee Fulkerson
3819,Seth Gordon
3820,Trudie Styler
3821,Marc Levin
3822,Wade Allain-Marcus
3823,Jesse Allain-Marcus
3824,Jude Okwudiafor Johnson
3825,Marcus Nispel
3826,Simon Verhoeven
3827,Heber Cannon
3828,Bob Rose
3829,Le Van Kiet
3830,Adam Del Giudice
3831,Hoyt Yeatman
3832,Fellipe Barbosa
3833,Pavel Parkhomenko
3834,Rudy Soedjarwo
3835,Hiroshi Katagiri
3836,Manbhavan Singh
3837,P.K. Baaburaaj
3838,David Grossman
3839,Guy Vasilovich
3840,Nicholas Stoller
3841,David Silberg
3842,Rich Ragsdale
3843,Kazuchika Kise
3844,Partho Ghosh
3845,Vincente Minnelli
3846,Charles Walters
3847,Sally Potter
3848,Brett Whitcomb
3849,Harold Cronk
3850,Jedd Wider
3851,Todd Wider
3852,Gordon Chan
3853,Michael Mason
3854,Francis Lee
3855,Takuya Inaba
3856,Sam de Jong
3857,Ivan Sen
3858,Mark Landre Gould
3859,Neslihan Yesilyurt
3860,Chris McCoy
3861,Wendy Jo Carlton
3862,Tarek Abdel Moaty
3863,Henrik Ruben Genz
3864,Justin Chon
3865,Robert Altman
3866,Mathieu Kassovitz
3867,Ananth Narayan Mahadevan
3868,Tanuj Chopra
3869,Nanette Burstein
3870,Eric Juhola
3871,Anjali Nayar
3872,James Woodroffe
3873,Ali Taner Baltacı
3874,Mamoru Oshii
3875,Hideki Futamura
3876,Toshiyuki Kanno
3877,Tomoki Kyoda
3878,Koichi Mashimo
3879,Yasushi Muraki
3880,Daisuke Nishio
3881,Frank O'Connor
3882,Koji Sawai
3883,Joseph Chou
3884,Hiroshi Yamazaki
3885,Ian Kirby
3886,Satish Kaushik
3887,John Irvin
3888,Akram Farouk
3889,Johnny Martin
3890,Tim Van Someren
3891,Joe Dietsch
3892,Louie Gibson
3893,Luis Javier M. Henaine
3894,Robert Osman
3895,Nathanael Wiseman
3896,Ilya Naishuller
3897,Jon Hurwitz
3898,Hayden Schlossberg
3899,Danny Leiner
3900,Daniel Raim
3901,Ah Loong
3902,Ron Davis
3903,Justin Bare
3904,Matthew Miele
3905,Jon Schnitzer
3906,Brant Sersen
3907,Eddie Martin
3908,Andrew C. Erin
3909,Quinn Lasher
3910,Elle Callahan
3911,Ana Kokkinos
3912,Kelly Noonan
3913,David Mirkin
3914,Huang Jianming
3915,Tom Gianas
3916,Ross R. Shuman
3917,Christel Gibson
3918,Timothy Woodward Jr.
3919,Shawn Arranha
3920,Liu Jie
3921,Scott Hicks
3922,Lucy van Beek
3923,Jennifer Lynch
3924,Vishnu Govindhan
3925,Daniel Ablin
3926,Asim Raza
3927,Neil Armfield
3928,Anthony Scott Burns
3929,Nicholas McCarthy
3930,Adam Egypt Mortimer
3931,Gary Shore
3932,Kevin Kolsch
3933,Dennis Widmyer
3934,Will Allen
3935,Note Chern-Yim
3936,Rakshith Thirthahalli
3937,Anindya Chatterjee
3938,Bille Woodruff
3939,Mike Disa
3940,Sudip Bandyopadhyay
3941,Brodje Wemboendja
3942,Ayush Raina
3943,Marty Stalker
3944,Scott Cooper
3945,Michael Polish
3946,Max McGill
3947,Janusz Majewski
3948,Genndy Tartakovsky
3949,Mark Tonderai
3950,Sandy Chronopoulos
3951,Ziga Virc
3952,Tom O'Dell
3953,Ken Marino
3954,Lionel C. Martin
3955,Jocelyn Moorhouse
3956,Cal Saville
3957,Amar Gupte
3958,Frank Paur
3959,Raj Kanwar
3960,Drew Casson
3961,Jonathan Mostow
3962,Matt Kugelman
3963,Gabriel Grieco
3964,Benjamin Turner
3965,Gabe Turner
3966,Mary Mazzio
3967,Laura VanZee Taylor
3968,Feng Xiaogang
3969,Adam Sjöberg
3970,Chuck Russell
3971,Douglas McGrath
3972,Maria Demeshkina Peek
3973,Ken Loach
3974,Steve Race
3975,Brett Harvey
3976,Law Wing-cheong
3977,Sachin
3978,Tony Leondis
3979,Karey Kirkpatrick
3980,Walerian Borowczyk
3981,Taron Lexton
3982,Aytaç Ağırlar
3983,Eric Zaragosa
3984,Suman Mukhopadhyay
3985,Jonathan Baker
3986,Elizabeth Chai Vasarhelyi
3987,Brad Bird
3988,Sanjeev Gupta
3989,John Stewart Muller
3990,Luca Vullo
3991,Iain Softley
3992,K. Subhash
3993,Eugenio Derbez
3994,Michael Gallagher
3995,Patricia Rozema
3996,Charles Officer
3997,John Trengove
3998,Kedar Shinde
3999,Jacob Schwab
4000,Leo Riley
4001,V. K. Prakash
4002,Manish Tiwary
4003,Zatella Beatty
4004,Young Jun Lee
4005,Mathias Malzieu
4006,Stéphane Berla
4007,Harvey Glazer
4008,Stuart Stone
4009,Stuart Orme
4010,Dustin Nguyen
4011,Azfar Jafri
4012,Gerry Hoban
4013,C. Fitz
4014,Joe Boyd
4015,David Gelb
4016,Radhu Karmakar
4017,John Edginton
4018,Ashim Ahluwalia
4019,Andrew Stanton
4020,Bill Oliver
4021,Toby Haynes
4022,Amardeep Singh Gill
4023,Susannah Heath-Eves
4024,Nora Ephron
4025,Salim Akil
4026,Phil Morrison
4027,Kathryn Bigelow
4028,Sanjay Gupta
4029,Kranti Redkar
4030,Tinnu Anand
4031,Jijo Pancode
4032,Pa. Ranjith
4033,Buta Singh
4034,Gaëtan Brizzi
4035,Paul Brizzi
4036,Joan C. Gratz
4037,Mohammed Saeed Harib
4038,Tomm Moore
4039,Nina Paley
4040,Bill Plympton
4041,Joann Sfar
4042,Michael Socha
4043,Pooja Bhatt
4044,Rupert Jones
4045,Dhilip Kumar
4046,Sai Paranjape
4047,Alphonso J. Wesson
4048,Vineeth Anil
4049,Tim Story
4050,Lori Kaye
4051,Subhash Ghai
4052,Surya S.J.
4053,Sunil Kumar Agrawal
4054,Sudipto Roy
4055,John Stockwell
4056,Steven Gomez
4057,Frédéric Tonolli
4058,Paul Tanter
4059,Attila Till
4060,Paul Katis
4061,Felix Thompson
4062,Jeffrey W. Byrd
4063,Steve Greenwood
4064,Deniz Gamze Ergüven
4065,Woo Ming Jin
4066,Frank Capra
4067,Joris Ivens
4068,Alex Proyas
4069,Jonathan Taylor
4070,Joachim Rønning
4071,Espen Sandberg
4072,Gulzar
4073,Hans Petter Moland
4074,Munjal Shroff
4075,Tilak Shetty
4076,Oliver Blackburn
4077,William H. Macy
4078,Remy Kohli
4079,Stephen Chow
4080,Andrés Couturier
4081,Stanley Tong
4082,Suresh Pillai
4083,Yusuf Pirhasan
4084,Devin Chanda
4085,Samir Karnik
4086,Leandro Mark
4087,Nicolás Silbert
4088,Giulio Base
4089,Alejandro Lozano
4090,Syed Ahmad Afzal
4091,Sopon Sukdapisit
4092,Chris Nahon
4093,R. Ellis Frazier
4094,Jaki Bradley
4095,Kazuaki Kiriya
4096,Massy Tadjedin
4097,Damien Piscarel
4098,Emmanuel Amara
4099,Anand Tucker
4100,Roy Allen Smith
4101,Ron Myrick
4102,B.N. Shajeer Sha
4103,Vic Armstrong
4104,Yang Lei
4105,Stephen Murray
4106,Anders Falck
4107,Stinus Morell Vithner
4108,Mario Cambi
4109,Pascal Blanchard
4110,Sonia Dauger
4111,David Dietz
4112,John Huston
4113,Onur Ünlü
4114,Jenna Laurenzo
4115,Justin McConnell
4116,Kevin Peeples
4117,Alfonso Arau
4118,Karim El Sobky
4119,Ellen Weissbrod
4120,Hua Shan
4121,Tim Bartley
4122,Robyn Butler
4123,Ira Sachs
4124,Zach Clark
4125,Nick Gomez
4126,Guy Ritchie
4127,Steven Knight
4128,James Mather
4129,Steve Saint Leger
4130,Fernando Sariñana
4131,José Luis Gutiérrez
4132,Michael Anderson
4133,Jakob Verbruggen
4134,Jennifer Baichwal
4135,Nicholas de Pencier
4136,Sze Yu Lau
4137,David Wnendt
4138,Ignacio López Escrivá
4139,Sarah Moshman
4140,Charneice Fox
4141,Saandeep Patel
4142,Steven Fine
4143,Ahmad Samir Farag
4144,Sridhar Jetty
4145,Christian Ditter
4146,Alma Har'el
4147,Katherine Brooks
4148,Ana Quiroga
4149,Radhika Rao
4150,Vinay Sapru
4151,Prabhuraj
4152,Ticoy Rodriguez
4153,Jayan Vannery
4154,Dylan C. Brown
4155,Debaloy Dey
4156,George Miller
4157,Callie Khouri
4158,Jim Monaco
4159,Chun Wong
4160,Ben Patterson
4161,Aaron Burns
4162,Luc Vinciguerra
4163,Benjamin Ree
4164,Amaan Khan
4165,Li Pei-Chuan
4166,Sameer Vidwans
4167,Michael Winnick
4168,Keanu Reeves
4169,Ben Palmer
4170,Tathagata Banerjee
4171,John Upchurch
4172,Tom O'Brien
4173,Michael Roberts
4174,Rahat Kazmi
4175,Clive Tonge
4176,Nathan Landeg
4177,Pulkit
4178,Everardo Gout
4179,David Raynr
4180,David Batty
4181,Deepika Narayan Bhardwaj
4182,Eric Drath
4183,Eric Radomski
4184,Shekhar Kapur
4185,Ui-seok Jo
4186,Pablo D'Alo Abba
4187,Sudesh Manjrekar
4188,Atul Kale
4189,Daniel Noah
4190,Philip Yung
4191,Hassan Hegazy
4192,Shady Ali
4193,Bob Hercules
4194,Rita Coburn Whack
4195,Samuel D. Pollard
4196,Jesús Magaña Vázquez
4197,Nathan Morlando
4198,Mina Shum
4199,Jacek Koprowicz
4200,Paul Berczeller
4201,Mark Radice
4202,Binu Ulahhannan
4203,Bob Odenkirk
4204,Shin-yeon Won
4205,Janet Tobias
4206,Claus Wehlisch
4207,Barry Sonnenfeld
4208,John Barnard
4209,Santosh Manjrekar
4210,Bharat Nalluri
4211,Gus Van Sant
4212,Anil Thomas
4213,Gavin O'Connor
4214,Keiichi Hara
4215,Liv Ullmann
4216,Kenny Young
4217,Jennifer Siebel Newsom
4218,Barbara Kopple
4219,Julia Hart
4220,David Fairhead
4221,David Blair
4222,Osman Ali
4223,Anna Boden
4224,Ryan Fleck
4225,Munish Bhardwaj
4226,Ted Geoghegan
4227,William Monahan
4228,Martin Rosete
4229,Brett Ratner
4230,Ahmed El Gendy
4231,Holger Tappe
4232,Steve Sacks
4233,Sylvain Blais
4234,Dustin McKenzie
4235,Victor Dal Chele
4236,Alfred Gimeno
4237,Mike Fetterly
4238,Dan Fraga
4239,Audu Paden
4240,Rachel Bell
4241,Barry Jenkins
4242,Antoine Bardou-Jacquet
4243,Jami
4244,Chad Hartigan
4245,Michael Mayer
4246,Avadhoot Gupte
4247,Jennifer Peedom
4248,Will Graham
4249,James Duffy
4250,Jonathan van Tulleken
4251,Elizabeth Banks
4252,Patrik Forsberg
4253,James Gunn
4254,Tomer Heymann
4255,Anthony Chan
4256,Craig Gillespie
4257,Alexandre Heboyan
4258,Benoît Philippon
4259,James Bobin
4260,Lewis Milestone
4261,Carol Reed
4262,Bruce McDonald
4263,Waymon Boone
4264,Dash Shaw
4265,Nathaniel Warsh
4266,Alessandro Pepe
4267,Claude Barras
4268,Jayson Thiessen
4269,Siu-hung Chung
4270,Nick Cassavetes
4271,Atsajun Sattakovit
4272,Simon Curtis
4273,Moataz El Tony
4274,Sabu Varghese
4275,Krishna Agazzi
4276,Filippo Gastaldi
4277,Dennis Bartok
4278,Ben Bowie
4279,Geoff Luck
4280,Heidi Saman
4281,Natalia Valdebenito
4282,Sonia Kennebeck
4283,Gene Quintano
4284,Jon Turteltaub
4285,Roman Atwood
4286,Ben Pluimer
4287,Chad L. Scheifele
4288,George Stevens
4289,Josh Webber
4290,Arun Vaidyanathan
4291,Jordana Spiro
4292,Kelly Reichardt
4293,Anthony Bell
4294,Tim Maltby
4295,Richard Finn
4296,Kiki Goshay
4297,Jacqueline Monetta
4298,Rushmore DeNooyer
4299,Martin Gorst
4300,Giulia Clark
4301,Sarah Holt
4302,Terri Randall
4303,Doug Hamilton
4304,Peter Fison
4305,Graham Townsley
4306,Paula Apsell
4307,Kirk Wolfinger
4308,Oliver Twinch
4309,Llewellyn M. Smith
4310,Daniel McCabe
4311,Peter Yost
4312,Tom Stubberfield
4313,Noel Dockstader
4314,Quinn Kanaly
4315,Gail Willumsen
4316,Sacha Gervasi
4317,Lesli Linka Glatter
4318,Peter Pardini
4319,Sam Taylor-Johnson
4320,Dana Doron
4321,Uriel Sinai
4322,Enrico Bisi
4323,Lars von Trier
4324,Mat Whitecross
4325,Jacques Perrin
4326,Jacques Cluzaud
4327,Luke Sparke
4328,Nacho G. Velilla
4329,Shawn Crahan
4330,Poj Arnon
4331,Clarence Yiu-leung Fok
4332,Heitor Dhalia
4333,Pradip Kurbah
4334,Charlie Lightening
4335,Simon Rumley
4336,Banjong Pisanthanakun
4337,Morgan Spurlock
4338,Tim Rouhana
4339,Noah Moskin
4340,Jasmine D'Souza
4341,Nicolas Winding Refn
4342,Bill Guttentag
4343,Michael Ware
4344,Jill Culton
4345,John H. Lee
4346,Logan Kibens
4347,Chia Tang
4348,Peter McDonnell
4349,Kiran Narayanan
4350,Ben C. Lucas
4351,Jayaraj Rajasekharan Nair
4352,Mark Franchetti
4353,Andrew Meier
4354,Adam Collins
4355,Luke Radford
4356,Paul Spurrier
4357,Chandran Narikode
4358,Jorge Granier
4359,Piti Jaturaphat
4360,Amber Tamblyn
4361,Alex Law
4362,Bhagyaraj
4363,Rebecca Addelman
4364,Oren Peli
4365,Gafoor Y. Elliyaas
4366,Jennie Livingston
4367,Kevin Hooks
4368,Dileep Narayanan
4369,Paritosh Painter
4370,Paul Reubens
4371,Wayne Orr
4372,Mohd Khairul Azri Bin Md Noor
4373,Mark Palansky
4374,J.C. Falcón
4375,C.J. Wallis
4376,James Foley
4377,Tony Stone
4378,Karan Lalit Butani
4379,Jean-Loup Felicioli
4380,Alain Gagnol
4381,Paween Purikitpanya
4382,Songyos Sugmakanan
4383,Parkpoom Wongpoom
4384,Visute Poolvoralaks
4385,Abhishek Saxena
4386,Dana Nachman
4387,Don Hardy Jr.
4388,Oscar Micheaux
4389,Spencer Williams
4390,Richard E. Norman
4391,Richard Maurice
4392,Bruno Stagnaro
4393,Christophe Honoré
4394,Jean-Simon Chartier
4395,Wim Wenders
4396,Gabe Klinger
4397,Steve McLean
4398,Charlie Haskell
4399,Koichi Sakamoto
4400,James Barr
4401,Ashish R. Shukla
4402,Josh Alexander
4403,Greg Young
4404,Bhavik Thakore
4405,Stephen Cone
4406,Anurag Singh
4407,Luis Prieto
4408,Michael Tolajian
4409,Richard Correll
4410,Raphael Erichsen
4411,Hari Viswanath
4412,Manish Gupta
4413,Jeremy Coon
4414,Tim Skousen
4415,Ding Sheng
4416,Basu Chatterjee
4417,Phil Johnston
4418,Rich Moore
4419,Eric Khoo
4420,Sanjay Dayma
4421,Kim Sung-hoon
4422,Girish Joshi
4423,Amir Mohiuddin
4424,Husam El-Gohari
4425,Nicholas Ray
4426,Michael James Regan
4427,Craig Anderson
4428,John Milius
4429,Amitava Bhattacharya
4430,Marina Willer
4431,Clementine Malpas
4432,Leslie Knott
4433,Andy Capper
4434,Shamyl Othman
4435,Allen Coulter
4436,René Pérez Joglar
4437,Linda Saffire
4438,Adam Schlesinger
4439,Vijay Jayapal
4440,Andrew Loo
4441,Jani Lachauer
4442,Jakob Schuh
4443,Fernando Frías De La Parra
4444,Jon Avnet
4445,Devaki Singh
4446,Luke Kenny
4447,Amit Rai
4448,Pierfrancesco Diliberto
4449,Nicholas Winter
4450,Sylvester Stallone
4451,Nancy Schwartzman
4452,Mitch Dickman
4453,Lenny Abrahamson
4454,Matthew Atkinson
4455,Max Lang
4456,Shweta Basu Prasad
4457,Roman Polanski
4458,John Dahl
4459,Jay Chandrasekhar
4460,Atanu Mukherjee
4461,Jeeva
4462,David L. Cunningham
4463,Dharmendra Suresh Desai
4464,Alex Infascelli
4465,Raman Kumar
4466,Hakan Yonat
4467,Michael Seater
4468,Balu Mahendra
4469,Ehtesham Uddin
4470,Kireet Khurana
4471,Sanjay Soorkar
4472,Mohamed Hamdy
4473,Partha Chakraborty
4474,K. Gopinathan
4475,Bruce MacDonald
4476,Gabriel Sabloff
4477,Rajeev Patil
4478,Glenn Miller
4479,Venugopan
4480,Kamal Sahani
4481,V. Scott Balcerek
4482,Raj N. Sippy
4483,Damon Cardasis
4484,Jeffrey G. Hunt
4485,Kevan Peterson
4486,Dino Risi
4487,Keenen Ivory Wayans
4488,Hiroshi Aoyama
4489,Kazumi Fukushima
4490,Jim Stenstrum
4491,Edgar Wright
4492,Wes Craven
4493,Steven Zaillian
4494,Malik Bendjelloul
4495,Jay Chou
4496,Billy Ray
4497,Kasia Uscinska
4498,Susannah Ward
4499,Sam Taplin
4500,Vicky Matthews
4501,Gareth Sacala
4502,Louise Wardle
4503,Kenneth Müller
4504,Michael Patrick King
4505,Max Martini
4506,Krishna Vamshi
4507,Gurudev Bhalla
4508,Samar Khan
4509,Raymond McGrath
4510,Adele K. Thomas
4511,Richard Bailey
4512,Jitendra Tiwari
4513,Pranav Singh
4514,Destin Daniel Cretton
4515,Barney Clay
4516,Adarsh Eshwarappa
4517,Fabio Grassadonia
4518,Antonio Piazza
4519,Vivek Wagh
4520,M.J. Bassett
4521,Jason Cohen
4522,Anil Sharma
4523,Robert Kouba
4524,Dorian Fernández-Moris
4525,Gregg Bishop
4526,Corey Grant
4527,Ekachai Uekrongtham
4528,Fredric Lean
4529,Colin Strause
4530,Greg Strause
4531,Leslye Headland
4532,Joe Nussbaum
4533,Billy Bob Thornton
4534,John Maclean
4535,Alex Winter
4536,Fred Olen Ray
4537,Jonathan Ignatius Green
4538,Ian MacAllister-McDonald
4539,Nancy Meyers
4540,Julius Avery
4541,Jeffrey C. Bell
4542,David Allensworth
4543,Monière
4544,Reuben Atlas
4545,Sam O'Steen
4546,Dan Harris
4547,Mark Sloper
4548,Sam Raimi
4549,Peter Ramsey
4550,Rodney Rothman
4551,Bob Persichetti
4552,Anthony Palmer
4553,Tom McCarthy
4554,Harmony Korine
4555,Storm Saulter
4556,Christopher Ray
4557,Adam Alleca
4558,Alison E. Rose
4559,Ola Flyum
4560,David Hebditch
4561,Akiva Goldsman
4562,Arjun Gourisaria
4563,Moinak Biswas
4564,Chatchai Katenut
4565,Manussa Vorasingha
4566,Tanwarin Sukkhapisit
4567,Jon J. Whelan
4568,Alex Holmes
4569,Raj B. Shetty
4570,James Sweeney
4571,Rowan Athale
4572,Baz Luhrmann
4573,Ester Gould
4574,Reijer Zwaan
4575,Andrew Bergman
4576,Afonso Poyart
4577,J.M. Berrios
4578,Stefano Sollima
4579,Chayanop Boonprakob
4580,Zakariya
4581,Benny Fredman
4582,Saul Dibb
4583,Joseph Cross
4584,Kasper Barfoed
4585,Partho Sen-Gupta
4586,Kevin Phillips
4587,Greg Mottola
4588,Gordon Parks
4589,Bryan Singer
4590,Bruce McCulloch
4591,Matthew Cooke
4592,Anthony Caronna
4593,Alexander Smith
4594,Matt Wechsler
4595,Jamie M. Dagg
4596,Dan Kwan
4597,Daniel Scheinert
4598,Derek Yee
4599,Navneet Behal
4600,Julien Seri
4601,Kevin Lima
4602,Brian Smith
4603,Ryu Jung-woo
4604,Sonia Lowman
4605,John Carchietta
4606,Michael Pressman
4607,Steve Barron
4608,Einar Gabbassov
4609,Natalia Garagiola
4610,Jevons Au
4611,Zune Kwok
4612,Chow Kwun-wai
4613,Ng Ka-Leung
4614,Wong Fei-Pang
4615,Yann Arthus-Bertrand
4616,Michael Pitiot
4617,Damien Leone
4618,Sukhbir Singh
4619,Dheeraj Berry
4620,Mitzi Vanessa Arreola
4621,Amir Galvan Cervera
4622,Matthew Shoychet
4623,Pamela Romanowsky
4624,Geoff Anderson
4625,Esteban Sapir
4626,Jee-woon Kim
4627,Andrew Douglas
4628,Thurop Van Orman
4629,John Rice
4630,Denis Hennelly
4631,Casey Suchan
4632,Jonathan Sobol
4633,Christian Duguay
4634,André Øvredal
4635,Kurt Voelker
4636,Elliot Hegarty
4637,Keith Fulton
4638,Louis Pepe
4639,Brian M. Conley
4640,Nathan Ives
4641,John Ford
4642,Tommy Avallone
4643,Rolfe Kanefsky
4644,Philippe Falardeau
4645,Kevin Ford
4646,Smriti Keshari
4647,Eric Schlosser
4648,Albert Hughes
4649,Allen Hughes
4650,Olivier Loustau
4651,Richard Kelly
4652,William Brent Bell
4653,Mark Herman
4654,Neil Jordan
4655,Ken Kushner
4656,Nora Twomey
4657,Stacy Title
4658,Graham Phillips
4659,Parker Phillips
4660,Ofir Raul Graizer
4661,Bumpy
4662,Elliot Silverstein
4663,Sean Menard
4664,Jon Gunn
4665,Tarek Al Eryan
4666,Craig Moss
4667,Magdy Al-Hawwary
4668,Antonio Chavarrías
4669,John Stephenson
4670,Michael Buster
4671,Bob Nelson
4672,Ari Folman
4673,Andrew Fleming
4674,Kirk De Micco
4675,Chris Sanders
4676,Marek Piwowski
4677,Jarrad Paul
4678,Andrew Mogel
4679,Satish Manwar
4680,Frank Oz
4681,Tariq Khan
4682,Peter Mortimer
4683,Josh Lowell
4684,Cecilia Atán
4685,Valeria Pivato
4686,Blair Hayes
4687,William Friedkin
4688,Stephanie Soechtig
4689,Jeremy Seifert
4690,Bette Gordon
4691,Kieran Darcy-Smith
4692,Robert Berlinger
4693,Paul Andrew Williams
4694,James Ponsoldt
4695,David Leveaux
4696,Michael Samuels
4697,Jenée LaMarque
4698,Coerte Voorhees
4699,John Voorhees
4700,Rodrigo Van Der Put
4701,Hugh WIlson
4702,Meng Hua Ho
4703,Peter Nicks
4704,Oliver Frampton
4705,Scott Walker
4706,Mario Mattei
4707,Cody Stokes
4708,Doron Paz
4709,Yoav Paz
4710,Paul Shoulberg
4711,Kasra Farahani
4712,Michel Gondry
4713,Michael G. Kehoe
4714,Mickey Liddell
4715,Paco Arango
4716,Maya Gallus
4717,Chad Archibald
4718,Mark Columbus
4719,Lauren Hoekstra
4720,Sarah Kruchowski
4721,Ryan Moody
4722,Simon Savelyev
4723,Vanita Shastry
4724,Shadae Lamar Smith
4725,Jeremy David White
4726,Damani Baker
4727,Rudradeep Bhattacharjee
4728,Rob W. King
4729,Isaac Ezban
4730,Philip Einstein Lipski
4731,Jørgen Lerdam
4732,Amalie Næsby Fick
4733,Femi Oyeniran
4734,Kalvadour Peterson
4735,Nicky Slimting Walker
4736,Matthew Robinson
4737,Phyllida Lloyd
4738,Benjamin Cohen
4739,Nicolas Cotto
4740,Robin Swicord
4741,Karen Moncrieff
4742,Alejandro Agresti
4743,Timothy Reckart
4744,Pieter-Jan De Pue
4745,Gillian Armstrong
4746,Mark Craig
4747,Dennis Scholl
4748,Rob Smat
4749,Blake Harris
4750,Chris Bouchard
4751,Brian O'Malley
4752,Jay Lyons
4753,Robert Aldrich
4754,Fred Durst
4755,Joshua Oppenheimer
4756,Marco Schnabel
4757,Robert Cannan
4758,Ross Adam
4759,Stanisław Różewicz
4760,Johnny To
4761,Robert Tate
4762,John Mikulak
4763,Joshua Brown
4764,Christopher Loren Ewers
4765,Erik Ewers
4766,Park In-je
4767,William Wyler
4768,Grant Heslov
4769,Mads Matthiesen
4770,John Banas
4771,Michael Radford
4772,Stuart Heisler
4773,Carly Stone
4774,Stefan Aust
4775,Dirk Laabs
4776,Joe Johnston
4777,John Duigan
4778,Ben A. Williams
4779,Mimi Leder
4780,Alan J. Pakula
4781,Jean-Pierre Devillers
4782,Stephen Chbosky
4783,Joel Schumacher
4784,Peggy Holmes
4785,Bryan Buckley
4786,Peter Lord
4787,Jeff Newitt
4788,Keerthi
4789,Robert McCallum
4790,Chan-sang Lim
4791,Brian A. Miller
4792,Martha Coolidge
4793,Ron Clements
4794,John Musker
4795,Na Hyeon
4796,John Papola
4797,Grant Korgan
4798,Brian Niles
4799,Francis Ford Coppola
4800,Miriam Chandy Menacherry
4801,Kevin Derek
4802,Shaina Allen
4803,Mariah Moore
4804,Marston Sawyers
4805,Alison MacLean
4806,Steve Barker
4807,Dejan Zečević
4808,Hadi El Bagoury
4809,Lone Scherfig
4810,N.D. Wilson
4811,Curtis Hanson
4812,Christian E. Christiansen
4813,Bruce Robinson
4814,Austin Stark
4815,Kristian Levring
4816,Stephen Amezdroz
4817,Giancarlo Esposito
4818,William Eubank
4819,Will Eubank
4820,Sunil Soraya
4821,Krzysztof Zanussi
4822,Thomas Meadmore
4823,Kyle Patrick Alvarez
4824,Steven R. Monroe
4825,Cosmo Feilding-Mellen
4826,Stephan Rick
4827,Will Lockhart
4828,Cole D. Pruitt
4829,Tobe Hooper
4830,Mohammed El-Tahawy
4831,Mohamed Mostafa
4832,Lena Khan
4833,Leanne Gater
4834,Robert Schwentke
4835,Brendan Malloy
4836,David Koepp
4837,Ben Brewer
4838,Alex Brewer
4839,David Briggs
4840,Kevin Donovan
4841,Jean-Pierre Dardenne
4842,Luc Dardenne
4843,Mark Neveldine
4844,Ossama Abu El Atta
4845,Russell Crowe
4846,Jay Russell
4847,Robert Eggers
4848,Kyle Rankin
4849,Neil Rawles
4850,Emil Ben-Shimon
4851,Laurent Cantet
4852,Michael Apted
4853,Victoria Bromley
4854,George Mendeluk
4855,Peter Foott
4856,Peter Svatek
4857,Saheed Arafath
4858,Charlotte Zwerin
4859,David Shisgall
4860,Derek Hui
4861,Wim Bonte
4862,Raam Reddy
4863,Bin Bunluerit
4864,Benjamin Ross
4865,Stephen Hopkins
4866,Jordan Ross
4867,John Sturges
4868,Li Jun
4869,Steve Loter
4870,Sonny Marler
4871,Edward Ellis
4872,Flor Salcedo
4873,Aaron Woolf
4874,Beeban Kidron
4875,Michael Cumming
4876,Kyoko Miyake
4877,Phil Roman
4878,Roger Spottiswoode
4879,Buddhadev Dasgupta
4880,Sukum Maetawanitch
4881,Jeffrey Nachmanoff
4882,Wally Pfister
4883,Richard Bates Jr.
4884,Jon Reiner
4885,Brad Rothschild
4886,Ron Underwood
4887,S.S. Wilson
4888,Brent Maddock
4889,Adam Smith
4890,Jitender Pawar
4891,Nicholas Zeig-Owens
4892,Shaul Schwarz
4893,Christina Clusiau
4894,Tekin Girgin
4895,Henry Hathaway
4896,Preston A. Whitmore II
4897,Hugh Stewart
4898,Roy Boulting
4899,Anthony Veiller
4900,David Soren
4901,Hidetaka Inazuka
4902,Buz Wallick
4903,Gary Young
4904,Susan Lambert
4905,Stefan Moore
4906,Benedict Andrews
4907,Paul Feig
4908,Michael Mazzola
4909,Chris Burkard
4910,Jonathan Glazer
4911,Sanjay Patel
4912,Sherif Mandour
4913,Jason Reitman
4914,Pradeep Verma
4915,Mario Van Peebles
4916,Ashu Trikha
4917,Amanda Micheli
4918,Gurinder Chadha
4919,Brandon Dickerson
4920,David L.G. Hughes
4921,Harvey Lilley
4922,Gary Michael Schultz
4923,P.T. Kunju Muhammad
4924,Ganesh Kadam
4925,Kushal Srivastava
4926,Ed Lilly
4927,Bilal Lashari
4928,Param Gill
4929,Rob McKittrick
4930,Marc Francis
4931,Max Pugh
4932,Alex Smith
4933,Andrew J. Smith
4934,Philip G. Atwell
4935,Faraz Haider
4936,John Michael McDonagh
4937,Jack Zagha Kababie
4938,Marina Zenovich
4939,Tiffanie Hsu
4940,Max Joseph
4941,David Serrano
4942,Jeremiah Zagar
4943,Antoni Krauze
4944,Chi Fat Chan
4945,Ashish R. Mohan
4946,Stephen Donnelly
4947,Olly Reid
4948,Jun Falkenstein
4949,Abel Ferrara
4950,Trevor Ryan
4951,Michael Fahey
4952,Huang Lei
4953,Rebecca Harrison
4954,Josh Mendoza
4955,Ritu Sarin
4956,Tenzing Sonam
4957,Heidi Brandenburg
4958,Mathew Orzel
4959,Marek Kanievska
4960,Paul Raschid
4961,Drew Stone
4962,Milla Harrison-Hansley
4963,Alicky Sussman
4964,Dhruv Dhawan
4965,Anatole Litvak
4966,Paul Dano
4967,Morgan Matthews
4968,Mel Stuart
4969,Pascale Lamche
4970,Debra Granik
4971,Zach Braff
4972,Theo Davies
4973,Adrian Murray
4974,Bart Freundlich
4975,Storm Theunissen
4976,David Guy Levy
4977,Yasir Nawaz
4978,Lawrence Kasdan
4979,Jovanka Vuckovic
4980,Annie Clark
4981,Roxanne Benjamin
4982,N. Chandra
4983,Abu Bakr Shawky
4984,Christian De Vita
4985,Saratswadee Wongsomphet
4986,Kirati Nakintanon
4987,Mark Risley
4988,James Brown
4989,Ivona Juka
4990,Mu Chu
4991,Chandra Prakash Dwivedi
4992,Majid Al Ansari
4993,Peter Hewitt
4994,Mozez Singh
