id_listed_in,listed_in
1,No Listed In
2,Documentaries
3,International TV Shows
4,TV Dramas
5,TV Mysteries
6,Crime TV Shows
7,TV Action & Adventure
8,Docuseries
9,Reality TV
10,Romantic TV Shows
11,TV Comedies
12,TV Horror
13,Children & Family Movies
14,Dramas
15,Independent Movies
16,International Movies
17,British TV Shows
18,Comedies
19,Spanish-Language TV Shows
20,Thrillers
21,Romantic Movies
22,Music & Musicals
23,Horror Movies
24,Sci-Fi & Fantasy
25,TV Thrillers
26,Kids' TV
27,Action & Adventure
28,TV Sci-Fi & Fantasy
29,Classic Movies
30,Anime Features
31,Sports Movies
32,Anime Series
33,Korean TV Shows
34,Science & Nature TV
35,Teen TV Shows
36,Cult Movies
37,TV Shows
38,Faith & Spirituality
39,LGBTQ Movies
40,Stand-Up Comedy
41,Movies
42,Stand-Up Comedy & Talk Shows
43,Classic & Cult TV
